product_id,category,animal,size,price,sales,rating,repeat_purchase
0001,Food,Bird,large,51.1,1860.62,7,1
0002,Housing,Bird,MEDIUM,35.98,963.6,6,0
0003,Food,Dog,medium,31.23,898.3,5,1
0004,Medicine,Cat,small,24.95,982.15,6,1
0005,Housing,Cat,Small,26.18,832.63,7,1
0006,Housing,Dog,Small,30.77,874.58,7,0
0007,Housing,Dog,Small,31.04,875.07,5,0
0008,Toys,Cat,medium,28.9,1074.31,4,-0
0009,Equipment,Fish,MEDIUM,17.82,503.67,5,0
0010,Medicine,Dog,medium,24.93,838.88,8,-0
0011,Food,Dog,Large,40.87,1457.22,7,1
0012,Medicine,Bird,MEDIUM,34.96,1204.6,5,1
0013,Food,Dog,MEDIUM,31.07,889.73,4,-0
0014,Food,Dog,large,40.8,1450.5,6,1
0015,Accessory,Bird,medium,33.13,859.29,4,1
0016,Accessory,Bird,large,43.09,1418.72,1,1
0017,Equipment,Cat,small,28.29,1040.51,5,1
0018,Toys,Bird,medium,43.91,1521.51,3,1
0019,Toys,Cat,Small,33.87,1333.9,6,0
0020,Toys,Dog,large,44,1792.63,7,1
0021,Food,Fish,medium,unlisted,542.06,NA,0
0022,Food,Dog,large,41,1456.58,3,0
0023,-,Bird,MEDIUM,32.98,859.94,3,0
0024,Equipment,Cat,medium,22.99,790.26,4,-0
0025,Toys,Dog,Small,38.99,1410.66,3,0
0026,Housing,Bird,large,45.83,1551.24,4,1
0027,Equipment,Cat,Small,28.24,1046,4,-0
0028,Equipment,Cat,small,28.19,1036.72,5,1
0029,Equipment,Cat,Small,27.79,1031.11,7,1
0030,Toys,Dog,Small,38.86,1405.4,5,1
0031,Equipment,Fish,Small,22.89,706.94,3,1
0032,Housing,Cat,SMALL,26.07,830.8,7,0
0033,Equipment,Cat,SMALL,28.02,1027.95,6,0
0034,Toys,Fish,medium,23.99,743.83,5,-0
0035,Equipment,Cat,small,28.25,1039.58,6,1
0036,Food,Dog,Medium,30.87,879.37,4,1
0037,Equipment,Cat,SMALL,28.09,1034.96,7,1
0038,Toys,Fish,Small,29.01,966.05,2,0
0039,Housing,Fish,large,26.13,783.84,6,1
0040,Toys,Bird,large,54.03,2248.63,5,0
0041,Food,Cat,Small,31.2,1074.63,3,1
0042,Food,Cat,SMALL,30.92,1064.79,7,0
0043,Housing,Cat,medium,20.95,615.07,5,1
0044,Equipment,Fish,medium,17.98,506.75,3,1
0045,Medicine,Bird,medium,unlisted,1209.41,NA,0
0046,Accessory,Dog,large,32.98,1063.91,5,1
0047,Toys,Cat,SMALL,unlisted,1367.47,NA,1
0048,Equipment,Cat,SMALL,27.7,1022.95,8,0
0049,Medicine,Cat,small,24.8,978.64,6,1
0050,Food,Cat,small,31.2,1074.1,6,0
0051,Food,Cat,Small,31.09,1071.72,6,0
0052,Medicine,Fish,small,19.83,658.66,7,1
0053,Accessory,Dog,large,33.15,1068.44,7,0
0054,Food,Fish,medium,21.25,548.05,4,0
0055,Equipment,Dog,Large,38.06,1449.87,5,1
0056,Food,Cat,Small,30.89,1059.94,6,-0
0057,Medicine,Dog,large,35.04,1424.02,6,1
0058,Housing,Dog,MEDIUM,26.03,678.99,3,0
0059,Toys,Dog,medium,33.94,1152.57,6,0
0060,Housing,Cat,Small,25.81,814.06,3,0
0061,Accessory,Dog,large,32.99,1068.83,4,1
0062,Equipment,Fish,medium,17.9,506.2,3,1
0063,Food,Fish,LARGE,30.96,1016.49,5,0
0064,Food,Dog,large,40.93,1459.08,3,0
0065,Medicine,Dog,medium,24.98,836.05,5,1
0066,Housing,Cat,small,26.08,831.86,4,1
0067,Equipment,Fish,small,23.08,710.55,5,0
0068,Housing,Dog,MEDIUM,26,675.06,3,1
0069,Equipment,Cat,medium,22.95,790.28,6,0
0070,Toys,Dog,SMALL,39.03,1411.58,6,0
0071,Equipment,Dog,LARGE,unlisted,1446.43,NA,0
0072,Medicine,Bird,medium,34.96,1207.21,6,1
0073,-,Dog,small,33.13,1101.89,4,-0
0074,Food,Bird,Large,unlisted,1864.01,NA,0
0075,Equipment,Fish,SMALL,23.19,706.38,6,1
0076,Food,Fish,LARGE,31,1023.95,6,1
0077,Housing,Cat,medium,21.05,614.54,3,1
0078,Food,Cat,Small,31.5,1090.84,6,0
0079,Medicine,Cat,small,24.7,975.88,6,1
0080,Accessory,Dog,Small,27.76,764.19,3,0
0081,Accessory,Cat,medium,18.06,518.45,6,1
0082,Equipment,Fish,small,22.99,709.87,2,0
0083,Equipment,Cat,small,28.43,1047.28,5,1
0084,Toys,Bird,Medium,43.99,1534.9,7,0
0085,Equipment,Dog,medium,unlisted,870.15,NA,1
0086,Food,Bird,Medium,41.03,1206.69,6,1
0087,Equipment,Cat,small,28.28,1042.37,5,0
0088,Food,Dog,Large,40.93,1463.29,4,1
0089,Housing,Cat,small,25.96,825.63,4,0
0090,Equipment,Cat,small,unlisted,1014.17,NA,0
0091,Equipment,Cat,small,27.86,1022,6,1
0092,Toys,Dog,small,38.95,1418.52,6,1
0093,Housing,Bird,Medium,36.22,965.85,4,0
0094,Accessory,Dog,medium,23.02,578.95,5,0
0095,Housing,Cat,small,unlisted,821.2,NA,-0
0096,Housing,Cat,MEDIUM,21.14,617.64,7,1
0097,Accessory,Bird,LARGE,42.99,1417.24,5,0
0098,Equipment,Cat,Small,27.95,1026.77,6,1
0099,Equipment,Dog,Large,38,1447.26,5,0
0100,Equipment,Cat,Small,28.2,1035.18,6,1
0101,Housing,Dog,small,unlisted,892.3,NA,1
0102,Toys,Dog,Small,39.16,1425.23,3,1
0103,Medicine,Dog,medium,25.07,846.96,4,-0
0104,Medicine,Fish,medium,15,464.88,6,1
0105,Housing,Bird,medium,35.95,962.13,2,1
0106,Equipment,Cat,small,27.86,1027.49,3,0
0107,Medicine,Cat,large,30.03,1321.82,8,1
0108,Equipment,Fish,Small,22.98,712.43,6,-0
0109,Equipment,Cat,small,27.97,1028.72,5,1
0110,Toys,Fish,small,28.74,969.57,4,1
0111,Equipment,Dog,small,unlisted,1112.08,NA,1
0112,Food,Cat,Medium,26.05,829.81,6,1
0113,Housing,Bird,Large,45.99,1558.19,6,0
0114,Housing,Cat,Small,25.83,821.45,8,0
0115,Equipment,Dog,small,32.98,1106.85,6,1
0116,Accessory,Fish,LARGE,22.75,670.79,3,-0
0117,Toys,Fish,large,unlisted,1300.33,NA,1
0118,Equipment,Cat,SMALL,28.03,1029.38,6,1
0119,Equipment,Cat,small,27.7,1021.27,4,0
0120,Toys,Cat,medium,29.02,1073.29,6,1
0121,Food,Dog,SMALL,unlisted,1132.38,NA,0
0122,Equipment,Cat,MEDIUM,23.19,801.04,3,1
0123,Food,Dog,medium,30.92,885.87,4,1
0124,Housing,Dog,MEDIUM,26.32,685.86,2,1
0125,Equipment,Cat,Small,28.2,1047.38,5,0
0126,Equipment,Cat,small,27.99,1028.27,6,0
0127,Medicine,Cat,small,25.07,999.58,8,1
0128,Toys,Fish,Medium,unlisted,747.58,NA,0
0129,Equipment,Cat,Medium,22.98,795.34,7,0
0130,Toys,Fish,large,34.18,1307.35,4,0
0131,Housing,Fish,small,21.07,538.15,4,1
0132,Equipment,Cat,SMALL,unlisted,1038.07,NA,1
0133,Housing,Bird,Large,unlisted,1556.37,NA,1
0134,Housing,Fish,small,unlisted,529.96,NA,1
0135,Food,Dog,LARGE,unlisted,1451.97,NA,0
0136,Medicine,Bird,small,unlisted,1495.56,NA,1
0137,Housing,Cat,small,25.97,823.94,5,1
0138,Equipment,Fish,small,23.14,711.93,4,0
0139,Accessory,Bird,Large,42.85,1411.53,5,-0
0140,Toys,Cat,small,34.08,1348.96,6,1
0141,Toys,Dog,small,unlisted,1390.98,NA,1
0142,Equipment,Cat,medium,22.97,790.52,5,1
0143,Toys,Fish,medium,24.24,749.2,6,1
0144,Food,Bird,medium,41.02,1204.42,3,1
0145,Equipment,Cat,small,27.95,1025.34,8,-0
0146,Food,Dog,LARGE,41.04,1456.69,8,0
0147,Equipment,Fish,small,22.68,697.2,2,0
0148,Medicine,Cat,SMALL,24.83,981.35,7,1
0149,Equipment,Cat,small,27.77,1022.07,5,0
0150,Equipment,Cat,SMALL,27.99,1026.36,6,1
0151,Food,Bird,large,50.92,1859.84,5,1
0152,Food,Dog,large,41.01,1464.8,4,1
0153,Housing,Bird,MEDIUM,36.08,962.39,5,1
0154,Housing,Cat,Medium,21.12,619.13,4,1
0155,Housing,Fish,medium,16.11,373.72,5,-0
0156,Food,Cat,Small,30.96,1059.68,7,1
0157,Food,Bird,small,45.83,1460.05,6,1
0158,Medicine,Dog,small,29.99,1088.15,3,0
0159,Accessory,Dog,medium,unlisted,583.06,NA,0
0160,Toys,Fish,LARGE,34.17,1299.15,5,1
0161,Medicine,Fish,Small,19.76,657.92,3,1
0162,Food,Dog,Medium,30.86,880.28,5,1
0163,Housing,Cat,small,26.13,827.52,6,1
0164,Medicine,Fish,Large,24.94,941.39,6,0
0165,Food,Bird,large,51.18,1869.97,6,1
0166,Medicine,Cat,MEDIUM,20.06,741.16,4,-0
0167,Equipment,Cat,small,27.93,1031.5,6,1
0168,Food,Cat,Medium,26.24,837.67,6,1
0169,Food,Cat,MEDIUM,25.88,825.61,5,1
0170,Equipment,Cat,SMALL,28.17,1041.59,3,-0
0171,Toys,Dog,small,39.26,1412.54,4,0
0172,Toys,Cat,small,34.17,1350.32,8,-0
0173,Equipment,Cat,Small,28.07,1034.36,5,1
0174,-,Bird,large,51.1,1868.47,5,0
0175,Toys,Cat,small,34.03,1338.54,6,0
0176,Food,Bird,medium,41.08,1204.46,4,1
0177,Medicine,Dog,medium,25.05,844.17,5,1
0178,Medicine,Cat,MEDIUM,19.88,734.01,8,0
0179,-,Bird,large,50.99,1855.16,5,1
0180,Housing,Fish,medium,15.91,367.02,5,-0
0181,Housing,Fish,small,20.79,529.93,3,-0
0182,Food,Bird,Medium,40.88,1206.88,7,1
0183,Food,Fish,SMALL,26.3,740.93,3,1
0184,Equipment,Cat,MEDIUM,22.86,787.87,4,1
0185,Toys,Cat,Small,34.11,1345.58,6,1
0186,Toys,Dog,medium,34.02,1158.66,5,0
0187,Housing,Cat,LARGE,unlisted,1125.8,NA,1
0188,Medicine,Fish,small,20.03,663.35,5,1
0189,Food,Fish,small,26.67,752.3,3,1
0190,Food,Dog,Large,41.15,1467.02,6,-0
0191,Equipment,Dog,small,33.1,1118.36,3,0
0192,Equipment,Cat,small,28.31,1048.92,8,1
0193,Medicine,Dog,medium,25.06,842.46,3,1
0194,Medicine,Dog,SMALL,unlisted,1081.7,NA,1
0195,Food,Cat,small,31.04,1074.04,4,0
0196,Equipment,Cat,small,27.98,1029.34,7,-0
0197,Medicine,Cat,Small,25.02,992.22,6,1
0198,Equipment,Cat,small,27.65,1019.82,6,-0
0199,Equipment,Dog,small,33.09,1110.67,3,1
0200,Equipment,Dog,MEDIUM,28,873.45,2,1
0201,Toys,Dog,small,unlisted,1407.71,NA,1
0202,Equipment,Fish,Small,23.01,703.91,3,1
0203,Food,Bird,Small,46.02,1470.55,2,1
0204,Housing,Bird,Large,45.94,1541.46,5,0
0205,Equipment,Cat,Small,28.04,1039.48,5,1
0206,Toys,Dog,small,38.87,1408.33,4,1
0207,Medicine,Cat,Medium,20.05,740.8,4,0
0208,Medicine,Fish,small,19.86,659.93,3,-0
0209,Food,Dog,Small,35.99,1122.98,5,1
0210,Equipment,Cat,SMALL,unlisted,1033.55,NA,1
0211,Equipment,Fish,Small,22.9,700.8,3,0
0212,Toys,Cat,small,unlisted,1383.43,NA,0
0213,Toys,Bird,small,48.91,1816.23,6,1
0214,Housing,Cat,small,25.91,822.17,4,1
0215,Food,Bird,Small,45.83,1461.36,4,0
0216,Accessory,Dog,Large,33.03,1062.88,4,1
0217,Equipment,Cat,small,27.89,1029.56,3,1
0218,Food,Dog,SMALL,35.97,1111.28,3,0
0219,Toys,Cat,large,unlisted,1729.76,NA,0
0220,Equipment,Fish,small,23.16,710.4,2,0
0221,Housing,Dog,Large,35.89,1177.84,5,1
0222,Food,Fish,Small,25.84,729.2,4,1
0223,Medicine,Dog,large,34.85,1416.51,7,1
0224,Accessory,Fish,Large,22.94,669.84,5,1
0225,Food,Fish,large,31.08,1020.19,3,0
0226,Medicine,Cat,small,25.16,989.87,4,1
0227,Housing,Fish,large,26.13,786.17,4,1
0228,Food,Bird,large,50.84,1846.82,6,1
0229,Equipment,Dog,SMALL,32.91,1093.36,3,0
0230,Equipment,Cat,small,28.17,1034.28,5,0
0231,Medicine,Dog,large,unlisted,1423.72,NA,-0
0232,Food,Fish,Small,25.83,731.17,6,0
0233,-,Cat,small,27.74,1024.25,6,1
0234,Food,Cat,LARGE,36.03,1400.69,7,1
0235,Food,Dog,medium,30.75,880.03,5,0
0236,Accessory,Bird,large,unlisted,1411.55,NA,1
0237,Equipment,Fish,small,23.05,699.21,3,1
0238,Toys,Fish,medium,24.05,747.39,6,0
0239,Equipment,Cat,Small,27.96,1037.79,5,0
0240,Toys,Cat,small,33.93,1343.52,6,1
0241,Equipment,Cat,medium,23.28,801.56,3,1
0242,Toys,Cat,small,34.01,1347.06,7,1
0243,Housing,Fish,medium,16.23,375.37,4,0
0244,Housing,Dog,SMALL,30.92,876.82,6,1
0245,Toys,Fish,Medium,24.03,745.79,4,0
0246,Medicine,Cat,medium,19.87,734.24,3,1
0247,Equipment,Cat,small,27.97,1034.03,4,-0
0248,Food,Fish,Medium,21.02,544.63,2,1
0249,Accessory,Bird,LARGE,42.97,1420.58,6,1
0250,Toys,Dog,LARGE,unlisted,1795.05,NA,0
0251,Equipment,Dog,Large,38.32,1461.63,6,-0
0252,Medicine,Cat,SMALL,24.96,984.98,7,1
0253,Accessory,Cat,small,23.07,722.66,5,1
0254,Accessory,Fish,medium,12.89,288.01,3,0
0255,Medicine,Cat,SMALL,25.09,989.83,6,1
0256,Equipment,Dog,SMALL,32.96,1106.18,5,1
0257,Housing,Cat,small,unlisted,823.68,NA,1
0258,Housing,Fish,small,21.22,540.81,3,0
0259,Equipment,Cat,SMALL,28.33,1044.42,4,0
0260,Toys,Dog,SMALL,38.89,1417.68,5,0
0261,Food,Dog,SMALL,35.87,1118.67,6,1
0262,Equipment,Cat,small,28.03,1034.78,6,1
0263,Food,Fish,small,25.92,729.11,4,1
0264,Equipment,Fish,Medium,18.08,511.72,5,1
0265,Toys,Cat,small,33.87,1350.59,6,0
0266,Equipment,Cat,small,unlisted,1030.43,NA,0
0267,Toys,Fish,small,28.92,964.24,4,1
0268,-,Fish,Small,23.12,708.32,4,1
0269,Equipment,Cat,Small,27.87,1020.96,5,1
0270,Medicine,Bird,Medium,35.03,1207.13,6,1
0271,Toys,Dog,MEDIUM,33.93,1144.31,5,0
0272,Food,Dog,LARGE,41.04,1470.65,6,1
0273,Housing,Dog,small,31.23,884.46,3,1
0274,Equipment,Fish,Small,22.93,703.79,5,1
0275,Medicine,Fish,Medium,15.03,464.98,3,1
0276,Toys,Cat,Medium,29.01,1074.06,3,1
0277,Accessory,Dog,MEDIUM,unlisted,574.23,NA,1
0278,Food,Dog,SMALL,35.99,1120.11,4,-0
0279,Medicine,Cat,Small,unlisted,986.94,NA,0
0280,Toys,Dog,large,43.9,1795.77,5,1
0281,Equipment,Cat,small,28.2,1034.1,3,1
0282,Toys,Fish,small,29,972.44,8,1
0283,Housing,Cat,LARGE,31.04,1124.81,5,1
0284,Food,Cat,medium,26.1,834.51,4,0
0285,Food,Dog,Large,41.11,1467.21,4,1
0286,Equipment,Cat,SMALL,unlisted,1029.17,NA,1
0287,Equipment,Cat,MEDIUM,unlisted,798.26,NA,0
0288,Equipment,Cat,small,28.1,1043.5,7,-0
0289,Housing,Fish,medium,unlisted,363.73,NA,1
0290,Equipment,Cat,SMALL,27.82,1026.3,8,1
0291,Toys,Cat,Small,34,1346.68,5,0
0292,Food,Bird,Large,50.9,1861.97,4,1
0293,Food,Bird,large,50.98,1864.04,6,0
0294,Toys,Cat,MEDIUM,29.19,1087.59,4,1
0295,Toys,Bird,Large,54.05,2249.4,4,0
0296,Toys,Fish,medium,24.16,747.43,4,1
0297,Toys,Bird,Medium,43.92,1525.97,6,1
0298,Equipment,Fish,small,unlisted,712.28,NA,1
0299,Medicine,Fish,MEDIUM,15.05,464.52,6,1
0300,Accessory,Dog,small,27.82,772.16,5,1
0301,Food,Cat,MEDIUM,26.06,832.08,6,1
0302,Toys,Cat,Small,33.91,1346.02,6,0
0303,Equipment,Cat,SMALL,28,1025.83,4,1
0304,Food,Fish,Large,30.97,1014.57,3,1
0305,Equipment,Fish,small,22.98,707.63,5,0
0306,Toys,Cat,Small,33.97,1349.03,6,1
0307,Equipment,Cat,Small,unlisted,1034.74,NA,1
0308,Equipment,Cat,medium,22.93,787.3,3,1
0309,Toys,Cat,small,34.12,1364.65,6,0
0310,Accessory,Dog,MEDIUM,22.92,577.97,3,0
0311,Medicine,Dog,medium,25.19,846.27,5,1
0312,Food,Dog,MEDIUM,30.85,885.8,4,1
0313,Food,Dog,Medium,unlisted,882.34,NA,1
0314,Equipment,Cat,Small,28.18,1036.46,6,0
0315,Accessory,Bird,medium,33.1,860.69,5,0
0316,Housing,Dog,Small,30.82,881.02,4,1
0317,Equipment,Cat,SMALL,28.42,1045.29,5,1
0318,Food,Cat,MEDIUM,26.08,837.94,4,1
0319,Food,Fish,medium,20.89,538.41,5,0
0320,Accessory,Bird,medium,unlisted,859.11,NA,1
0321,Housing,Cat,small,25.81,820.54,5,1
0322,Equipment,Cat,small,27.91,1030.16,5,0
0323,Food,Bird,Medium,41.01,1210.66,4,-0
0324,Toys,Cat,Small,33.84,1346.25,5,1
0325,Toys,Cat,small,34.53,1356.71,8,1
0326,Food,Fish,Medium,21.02,543.87,4,0
0327,Equipment,Fish,small,23.28,716.79,4,1
0328,Toys,Cat,medium,28.86,1064.54,5,1
0329,Food,Bird,large,unlisted,1859.03,NA,1
0330,Equipment,Fish,small,23.02,708.63,6,1
0331,Equipment,Cat,small,27.98,1036.31,7,1
0332,Food,Dog,Large,41.14,1466.3,6,1
0333,Food,Fish,large,30.99,1020.05,6,1
0334,Housing,Dog,Medium,25.99,673.68,5,1
0335,Toys,Dog,small,39,1411.57,6,1
0336,Housing,Dog,medium,25.98,674.22,4,0
0337,Equipment,Cat,Small,27.84,1030.21,4,0
0338,Food,Fish,MEDIUM,21.02,543.97,3,1
0339,Food,Bird,medium,41,1208.27,5,1
0340,Toys,Fish,SMALL,29.13,965.84,5,1
0341,Medicine,Fish,SMALL,19.84,657.38,5,0
0342,Medicine,Cat,Small,24.85,981.18,4,-0
0343,Toys,Fish,large,33.78,1283.93,4,1
0344,-,Cat,small,27.78,1026.38,6,0
0345,Food,Fish,MEDIUM,21.02,540.34,2,-0
0346,Accessory,Bird,MEDIUM,33.15,860.51,6,1
0347,Accessory,Cat,Small,unlisted,706.7,NA,1
0348,Equipment,Dog,Medium,28.05,870.3,3,1
0349,Medicine,Bird,Medium,34.96,1200.15,4,0
0350,Housing,Dog,small,30.73,869.43,6,1
0351,Medicine,Fish,small,19.99,663.63,6,1
0352,Equipment,Cat,SMALL,28.11,1040.53,7,1
0353,Housing,Bird,LARGE,46.16,1557.58,3,1
0354,Accessory,Bird,large,42.93,1409.97,3,1
0355,Equipment,Cat,small,27.99,1044.51,8,1
0356,Medicine,Bird,Medium,34.88,1198.81,4,1
0357,Equipment,Cat,Small,28.36,1044.03,5,-0
0358,Toys,Cat,small,33.99,1345.66,6,0
0359,Toys,Bird,MEDIUM,44.07,1517.76,5,1
0360,Housing,Dog,Small,31.22,877.81,3,1
0361,Housing,Dog,MEDIUM,unlisted,674.73,NA,1
0362,Housing,Bird,LARGE,46.11,1565.71,7,0
0363,Equipment,Fish,SMALL,22.91,700.94,3,1
0364,Accessory,Bird,medium,33.11,864.73,4,1
0365,Accessory,Dog,large,32.79,1060.94,5,0
0366,Equipment,Cat,medium,23.07,799.68,5,1
0367,Equipment,Cat,small,27.81,1025.05,7,1
0368,Food,Dog,Medium,30.89,885.79,5,-0
0369,Equipment,Cat,small,27.92,1031.79,3,1
0370,-,Dog,large,unlisted,1462.67,NA,1
0371,Medicine,Fish,SMALL,20.03,665.55,6,1
0372,Toys,Fish,small,28.97,961.73,4,1
0373,Equipment,Fish,MEDIUM,18.12,514.67,3,1
0374,Food,Fish,Medium,21.04,540.38,5,1
0375,Housing,Fish,medium,unlisted,370.28,NA,0
0376,Equipment,Cat,Small,27.9,1026.74,6,0
0377,Equipment,Cat,MEDIUM,22.88,789.06,4,1
0378,Medicine,Fish,small,20.21,666.75,4,1
0379,Equipment,Cat,Small,27.88,1032.4,7,1
0380,Food,Dog,SMALL,35.76,1112.35,4,1
0381,Food,Fish,SMALL,25.76,731.75,4,1
0382,Medicine,Cat,small,24.94,979.15,9,0
0383,Food,Fish,small,26.05,747.96,2,1
0384,Equipment,Dog,Medium,28,871.81,5,1
0385,Toys,Fish,Large,34.09,1301.35,9,1
0386,Equipment,Fish,medium,18.08,510.02,4,1
0387,Housing,Dog,Small,30.86,871.1,3,0
0388,Food,Dog,MEDIUM,31.08,889.15,5,0
0389,Medicine,Bird,medium,35.11,1216.53,6,0
0390,Equipment,Fish,Small,22.93,702.94,5,-0
0391,Food,Bird,Medium,40.89,1208.03,4,1
0392,Housing,Dog,Medium,25.92,674.67,6,1
0393,Equipment,Cat,small,28.15,1034.36,7,1
0394,Medicine,Cat,medium,unlisted,745.83,NA,1
0395,Housing,Bird,Medium,unlisted,958.94,NA,0
0396,Toys,Fish,medium,23.86,741.11,6,1
0397,Medicine,Dog,Medium,24.8,837.19,4,0
0398,Equipment,Fish,SMALL,23.11,716.78,5,-0
0399,Toys,Fish,LARGE,33.97,1289.12,6,-0
0400,Accessory,Dog,large,33.14,1065.51,2,0
0401,Equipment,Cat,small,28.06,1030.25,7,0
0402,Toys,Fish,Small,28.85,971.26,4,0
0403,Accessory,Bird,Large,42.88,1416.28,5,1
0404,Housing,Fish,small,21.36,541.92,4,1
0405,Food,Bird,large,50.92,1849.66,5,0
0406,Food,Cat,Small,unlisted,1065.98,NA,1
0407,Medicine,Fish,small,19.95,665.53,6,0
0408,Toys,Cat,small,34.24,1361.1,8,0
0409,Equipment,Cat,small,28.04,1035.07,4,0
0410,Food,Bird,medium,41.13,1211.2,5,-0
0411,Housing,Cat,small,26.19,826.92,3,1
0412,Housing,Cat,small,26.44,834.68,4,0
0413,Housing,Dog,medium,26.01,673.05,3,-0
0414,Equipment,Cat,SMALL,27.98,1036.29,6,0
0415,Equipment,Cat,small,unlisted,1036.69,NA,0
0416,Equipment,Cat,small,27.94,1035.28,3,1
0417,Food,Fish,medium,20.92,539.64,1,1
0418,Housing,Cat,large,31.16,1138.04,7,0
0419,Toys,Fish,small,29.13,973.42,6,0
0420,Equipment,Fish,small,22.87,700.78,5,1
0421,Housing,Cat,medium,21.03,616.66,6,1
0422,Food,Bird,Large,50.91,1854.43,7,1
0423,Equipment,Cat,small,27.94,1034.34,5,1
0424,Housing,Bird,SMALL,41.01,1191.23,5,0
0425,Equipment,Cat,Small,27.82,1031.78,6,0
0426,Housing,Fish,large,26,782.43,4,0
0427,-,Cat,medium,unlisted,1080.53,NA,0
0428,Equipment,Dog,Small,32.95,1104.95,5,0
0429,Food,Dog,small,36.04,1119.84,7,0
0430,Medicine,Dog,Small,30.18,1096.79,4,1
0431,Toys,Fish,small,29.02,975.45,6,1
0432,Accessory,Dog,LARGE,33.1,1062.62,5,0
0433,Toys,Dog,SMALL,38.84,1417.22,6,1
0434,Food,Bird,Small,45.78,1456.48,6,0
0435,Housing,Cat,Small,26.29,834.96,5,1
0436,Food,Fish,medium,20.87,543.76,4,1
0437,Toys,Cat,Small,33.89,1340.5,9,1
0438,Equipment,Cat,small,28.04,1040.72,6,1
0439,Food,Dog,medium,31.19,898.42,3,1
0440,Toys,Cat,Small,34.47,1374.79,4,0
0441,Housing,Cat,medium,21.03,617.98,3,-0
0442,Toys,Bird,medium,43.95,1522.52,4,1
0443,Food,Dog,large,40.99,1464.54,5,0
0444,Equipment,Fish,medium,18.01,510.19,2,1
0445,Toys,Fish,medium,24.06,744.96,5,1
0446,Equipment,Cat,SMALL,27.99,1029.53,5,1
0447,Food,Bird,Medium,40.9,1216.38,5,1
0448,Toys,Fish,MEDIUM,24.02,742.64,5,1
0449,Toys,Bird,large,54.16,2248.04,8,1
0450,Toys,Cat,small,34.1,1344.84,6,0
0451,Housing,Cat,Small,26.08,822.27,4,1
0452,Accessory,Bird,Large,42.82,1417.18,4,0
0453,Toys,Fish,Small,28.98,973.92,6,1
0454,Accessory,Bird,LARGE,43.12,1434.65,5,0
0455,Accessory,Cat,MEDIUM,17.95,512.36,3,0
0456,Accessory,Bird,Large,42.92,1411.82,4,0
0457,Food,Fish,Small,26.33,750.33,5,1
0458,Medicine,Cat,small,25.17,994.41,9,1
0459,Medicine,Bird,LARGE,45.06,1871.35,8,0
0460,Medicine,Cat,small,24.76,970.57,7,1
0461,Medicine,Fish,small,20.09,669.38,6,1
0462,Housing,Dog,SMALL,31.09,886.84,3,1
0463,Medicine,Dog,Small,29.98,1081.52,7,1
0464,Medicine,Fish,Small,19.98,662.74,3,1
0465,Equipment,Cat,Medium,22.99,794.74,5,0
0466,Food,Cat,medium,26.15,836.75,4,1
0467,Toys,Bird,large,53.97,2246.77,8,1
0468,Housing,Dog,Small,30.96,868.61,6,0
0469,Accessory,Bird,LARGE,43.04,1422.27,5,1
0470,Food,Bird,large,51.04,1861.15,4,1
0471,Toys,Cat,Small,unlisted,1354.1,NA,1
0472,Medicine,Dog,Medium,unlisted,842.07,NA,-0
0473,Equipment,Cat,Medium,23.14,797.38,6,0
0474,Equipment,Cat,small,28.3,1047.8,3,0
0475,Medicine,Cat,MEDIUM,19.94,735.52,6,1
0476,Food,Fish,Small,26.22,735.94,2,-0
0477,Medicine,Fish,MEDIUM,14.99,461.05,5,1
0478,Accessory,Dog,Medium,22.98,578.38,3,1
0479,Toys,Dog,small,38.98,1415.14,4,0
0480,Equipment,Fish,Small,23.09,710.71,6,-0
0481,Medicine,Dog,Medium,25.06,842.67,5,1
0482,Food,Dog,medium,unlisted,888.34,NA,0
0483,Medicine,Dog,medium,unlisted,840.67,NA,1
0484,Toys,Fish,small,29.01,971.13,6,0
0485,Medicine,Bird,Small,39.79,1476.14,5,1
0486,Accessory,Bird,large,43.03,1424.58,5,1
0487,Medicine,Cat,Small,24.74,977.78,7,1
0488,Housing,Fish,Medium,15.95,369.07,3,1
0489,Equipment,Fish,Small,23.07,702.33,5,-0
0490,Housing,Dog,small,30.93,886.42,6,1
0491,Equipment,Cat,small,27.83,1025.24,4,1
0492,Toys,Cat,Small,unlisted,1371.3,NA,1
0493,Housing,Dog,SMALL,30.81,864.88,3,1
0494,Food,Bird,medium,40.83,1196.56,4,1
0495,Food,Dog,Large,40.91,1460.29,6,1
0496,Food,Fish,small,25.7,727.87,3,1
0497,Food,Cat,SMALL,31.03,1072.2,6,1
0498,Equipment,Dog,LARGE,37.89,1440.06,4,1
0499,Equipment,Cat,MEDIUM,22.9,787.62,6,0
0500,Toys,Fish,large,34.17,1296.58,5,1
0501,Housing,Cat,SMALL,unlisted,830.74,NA,0
0502,Housing,Bird,Medium,36.01,962.21,5,0
0503,Housing,Fish,Medium,16.17,374.04,4,1
0504,Medicine,Cat,medium,unlisted,735.57,NA,0
0505,Housing,Fish,medium,15.94,365.3,4,0
0506,Housing,Bird,small,40.97,1204.78,6,1
0507,Accessory,Bird,Medium,33.04,861.89,5,1
0508,Housing,Dog,Medium,26.2,678.22,2,1
0509,Toys,Dog,small,39.19,1419.66,3,1
0510,Medicine,Cat,MEDIUM,19.97,736.3,6,1
0511,Housing,Dog,medium,26.03,675.41,7,-0
0512,Food,Cat,LARGE,36,1408.16,6,1
0513,Toys,Dog,small,38.66,1403.4,5,0
0514,Toys,Fish,medium,23.95,742.87,7,1
0515,Accessory,Dog,MEDIUM,22.88,577.12,4,0
0516,Housing,Fish,Large,25.93,784.8,3,1
0517,Medicine,Cat,small,25.29,1001.91,7,1
0518,Toys,Dog,large,44.03,1797.02,7,1
0519,Food,Cat,MEDIUM,25.9,831.78,3,1
0520,Medicine,Cat,medium,19.91,735.01,8,1
0521,Toys,Cat,small,33.91,1337.11,9,-0
0522,Toys,Dog,Medium,unlisted,1159.18,NA,1
0523,Housing,Dog,MEDIUM,26.09,671.89,3,0
0524,Medicine,Fish,small,19.89,661.23,6,0
0525,Accessory,Dog,Large,33.06,1063.55,2,0
0526,Accessory,Bird,medium,32.96,856.75,5,1
0527,Equipment,Fish,Small,22.69,695.63,6,1
0528,Medicine,Cat,Small,24.78,975.55,6,1
0529,Housing,Cat,small,25.92,820.26,3,0
0530,Toys,Fish,SMALL,29.09,979.48,8,1
0531,Accessory,Fish,small,18.09,446.76,3,0
0532,Food,Bird,Large,50.9,1862.12,7,1
0533,Equipment,Cat,Small,28.15,1040.73,8,1
0534,Toys,Cat,Small,34.18,1357.61,7,-0
0535,Toys,Cat,small,34.03,1347.16,7,1
0536,Equipment,Cat,small,28.03,1035.32,6,0
0537,Medicine,Dog,medium,25.16,846.37,3,0
0538,Housing,Dog,small,unlisted,887.93,NA,1
0539,Equipment,Cat,Medium,unlisted,795.71,NA,1
0540,Housing,Fish,large,25.91,775.92,3,1
0541,Housing,Dog,MEDIUM,25.98,676.72,3,1
0542,Medicine,Cat,MEDIUM,20.11,745.46,5,1
0543,Housing,Dog,Large,36.09,1187.66,4,1
0544,Medicine,Fish,LARGE,24.88,942.65,6,1
0545,Accessory,Dog,Medium,22.93,574.75,1,1
0546,Toys,Cat,SMALL,34.28,1354.57,6,1
0547,Toys,Cat,Medium,29.05,1079.88,7,1
0548,Food,Dog,Small,35.99,1130.21,3,1
0549,Toys,Bird,Small,49.02,1820,5,1
0550,Food,Fish,large,31.16,1028.57,6,0
0551,Equipment,Cat,small,28.27,1048.08,7,1
0552,Food,Fish,Medium,21.14,548.11,3,0
0553,Equipment,Dog,medium,27.93,871.63,6,1
0554,Equipment,Fish,SMALL,22.97,705.93,5,0
0555,Toys,Cat,medium,28.84,1070.85,4,0
0556,Medicine,Fish,Medium,14.94,459.89,6,1
0557,Medicine,Dog,large,35.05,1422.39,7,1
0558,Toys,Cat,Medium,28.89,1073.93,4,1
0559,Equipment,Cat,small,27.98,1031.86,5,1
0560,Toys,Dog,small,39.21,1421.19,5,-0
0561,Food,Dog,large,41.12,1469.55,5,1
0562,Food,Bird,medium,41,1205.59,4,1
0563,Food,Fish,small,26.06,740.27,5,1
0564,Toys,Fish,Small,29.25,979.88,5,1
0565,Medicine,Cat,SMALL,unlisted,992.07,NA,1
0566,Medicine,Cat,Small,unlisted,999.75,NA,1
0567,Toys,Cat,SMALL,34.33,1374.83,5,-0
0568,Food,Dog,medium,30.96,885.69,4,1
0569,Equipment,Cat,small,27.94,1030.84,5,1
0570,Food,Dog,Medium,30.94,887.11,3,0
0571,Food,Bird,medium,unlisted,1202.85,NA,1
0572,Toys,Cat,Small,34.23,1359.67,7,1
0573,Medicine,Cat,MEDIUM,19.94,735.1,7,1
0574,Equipment,Dog,small,33.11,1107.81,2,0
0575,Toys,Fish,small,28.74,963.92,5,-0
0576,Medicine,Cat,Medium,20.09,741.2,5,0
0577,Toys,Cat,medium,29.16,1084.45,5,1
0578,Toys,Cat,SMALL,unlisted,1353.09,NA,1
0579,Equipment,Cat,SMALL,27.79,1026.51,5,0
0580,Toys,Dog,large,44,1790.98,9,-0
0581,Equipment,Cat,Small,28.13,1035.27,7,1
0582,Accessory,Dog,large,32.97,1058.07,3,1
0583,Housing,Cat,MEDIUM,20.98,616.62,5,1
0584,Toys,Fish,medium,23.82,735.3,5,1
0585,Food,Dog,large,41.01,1453.78,6,0
0586,Equipment,Cat,medium,23.33,808.45,4,1
0587,Housing,Bird,Medium,35.96,965.12,1,1
0588,Food,Bird,LARGE,50.99,1855.21,6,1
0589,Accessory,Bird,medium,33,861.52,4,0
0590,Equipment,Fish,small,23,704.78,4,1
0591,Food,Dog,medium,31.16,885.52,3,1
0592,Equipment,Cat,small,unlisted,1034.86,NA,0
0593,Equipment,Cat,SMALL,27.94,1030.82,4,1
0594,-,Fish,Medium,17.95,509.93,5,1
0595,Housing,Cat,medium,unlisted,614.35,NA,0
0596,Food,Cat,MEDIUM,25.92,828.76,5,1
0597,Toys,Fish,Small,28.91,975.67,5,0
0598,Equipment,Cat,small,27.99,1032.53,5,1
0599,Equipment,Bird,Small,42.86,1484.04,5,1
0600,Medicine,Cat,medium,19.99,735.73,3,1
0601,Equipment,Cat,medium,23,793.54,3,1
0602,-,Dog,Small,unlisted,1113.97,NA,0
0603,Equipment,Cat,SMALL,27.91,1029.65,4,1
0604,Accessory,Bird,Large,43.01,1417,5,-0
0605,Equipment,Cat,Small,28.1,1040.27,6,1
0606,Food,Bird,LARGE,unlisted,1861.87,NA,0
0607,Equipment,Cat,Small,27.98,1026.38,3,0
0608,Housing,Cat,Small,25.85,814.58,5,1
0609,Toys,Fish,Small,28.79,964.58,6,0
0610,Medicine,Dog,medium,25.2,850.43,7,0
0611,Food,Dog,Medium,30.92,885.53,6,1
0612,Food,Bird,medium,41.15,1207.5,6,1
0613,Medicine,Dog,small,30.08,1084.15,3,1
0614,Housing,Dog,SMALL,31.23,893.06,1,1
0615,Toys,Cat,SMALL,34.25,1354.26,8,1
0616,Toys,Cat,Small,33.84,1351.85,6,0
0617,Housing,Dog,medium,26.03,670.66,2,1
0618,Housing,Fish,large,25.9,778.16,3,1
0619,Medicine,Dog,Medium,24.82,833.26,5,1
0620,Toys,Cat,small,unlisted,1350.95,NA,0
0621,Toys,Fish,SMALL,29.02,967.03,5,1
0622,Food,Bird,medium,40.96,1208.98,5,-0
0623,Food,Bird,large,50.92,1852.79,4,1
0624,Accessory,Dog,LARGE,unlisted,1065.28,NA,0
0625,Housing,Cat,medium,20.87,609.01,7,0
0626,Medicine,Fish,small,20,662.86,5,1
0627,Toys,Fish,small,unlisted,965.99,NA,0
0628,Toys,Cat,SMALL,34.06,1365.83,9,1
0629,Housing,Fish,medium,15.99,372.62,4,0
0630,Medicine,Fish,MEDIUM,15.14,467.23,5,1
0631,Housing,Fish,Medium,15.95,366.79,4,1
0632,Equipment,Cat,small,28.15,1031.46,6,0
0633,Food,Cat,Large,36.05,1409.62,3,1
0634,-,Dog,medium,28.1,872.04,4,0
0635,Medicine,Dog,medium,25.04,845.75,4,0
0636,Medicine,Fish,Medium,15.16,471.66,6,-0
0637,Housing,Cat,Medium,20.84,610.48,2,1
0638,Housing,Dog,Medium,25.97,670.87,4,1
0639,Toys,Dog,small,39.09,1424.13,3,1
0640,Food,Dog,medium,31.15,886.18,6,0
0641,Housing,Dog,LARGE,36.09,1188.68,4,0
0642,Equipment,Cat,SMALL,27.82,1023.28,9,1
0643,Toys,Cat,small,33.86,1336.18,8,-0
0644,Accessory,Cat,LARGE,28,998.18,4,-0
0645,Food,Cat,SMALL,30.74,1053.2,5,1
0646,Equipment,Cat,Small,27.85,1031.22,4,1
0647,Equipment,Cat,Medium,22.87,787.4,7,-0
0648,Equipment,Cat,small,28.1,1032.94,4,0
0649,Food,Bird,LARGE,51.04,1853.37,4,1
0650,Food,Cat,Small,31.27,1082.95,6,0
0651,Equipment,Cat,SMALL,27.92,1034.36,6,1
0652,Medicine,Dog,SMALL,unlisted,1086.33,NA,0
0653,Toys,Bird,Large,54.02,2254.99,8,0
0654,Equipment,Fish,small,22.98,702.76,5,-0
0655,Food,Fish,Small,26.16,734.68,4,0
0656,Medicine,Cat,Small,25.04,995.73,6,1
0657,Equipment,Cat,Small,27.86,1027.15,3,1
0658,Housing,Dog,LARGE,35.92,1182.28,6,1
0659,Food,Cat,medium,25.86,826.9,3,1
0660,Equipment,Cat,Medium,23.09,792.03,4,1
0661,Toys,Cat,SMALL,34.09,1355.96,8,0
0662,Housing,Fish,medium,15.91,369.09,3,-0
0663,Equipment,Cat,small,28.02,1033.6,4,0
0664,Food,Dog,small,36.07,1133.67,4,0
0665,Medicine,Dog,small,unlisted,1089.32,NA,0
0666,Food,Fish,small,26.09,732.64,3,0
0667,Medicine,Cat,small,24.92,983.26,3,1
0668,Accessory,Fish,SMALL,18.14,451.79,3,1
0669,Food,Dog,large,40.83,1456.02,4,1
0670,Housing,Dog,MEDIUM,26.06,675.27,4,1
0671,Accessory,Fish,medium,12.85,286.94,1,1
0672,Food,Cat,Medium,26.11,836.46,7,-0
0673,Medicine,Fish,small,19.78,663.24,6,1
0674,Medicine,Cat,Small,24.76,976.59,7,1
0675,Housing,Fish,large,25.94,784.18,4,1
0676,Toys,Dog,Small,39.07,1413.09,5,-0
0677,Toys,Cat,medium,29.22,1083.7,8,0
0678,Medicine,Cat,small,24.9,981.78,8,-0
0679,Medicine,Fish,medium,15.21,465.62,5,1
0680,Equipment,Cat,Small,28,1037.85,6,-0
0681,Medicine,Cat,small,25,992.35,8,-0
0682,Medicine,Fish,medium,14.96,462.92,6,1
0683,Housing,Cat,SMALL,25.82,818.94,5,1
0684,Toys,Cat,medium,28.93,1074.29,4,1
0685,Food,Dog,small,35.84,1116.7,5,-0
0686,Medicine,Fish,medium,14.96,459.81,4,1
0687,Equipment,Dog,medium,27.97,866.65,6,0
0688,Accessory,Cat,Large,28.29,1009.17,4,-0
0689,Food,Cat,small,30.84,1064.04,4,1
0690,Equipment,Cat,Small,27.91,1029.62,6,1
0691,Housing,Cat,small,25.95,824.36,7,1
0692,Toys,Fish,Small,unlisted,974.33,NA,1
0693,Accessory,Bird,LARGE,43.13,1422.67,5,1
0694,Toys,Fish,small,unlisted,968.02,NA,1
0695,Toys,Fish,SMALL,28.93,959.82,6,1
0696,Food,Dog,small,36.12,1127.48,5,-0
0697,Equipment,Fish,small,22.8,700.69,5,1
0698,Equipment,Fish,small,22.89,698.36,4,1
0699,Food,Cat,LARGE,36.02,1413.13,7,1
0700,Housing,Dog,large,36.21,1196.63,8,1
0701,Medicine,Dog,LARGE,34.93,1430.7,9,0
0702,Equipment,Fish,small,23.02,701.28,3,0
0703,Equipment,Cat,Medium,22.84,785.16,4,0
0704,-,Bird,Small,unlisted,1085.02,NA,1
0705,Medicine,Cat,SMALL,24.86,979.63,7,1
0706,Equipment,Cat,Medium,23.03,795.76,7,0
0707,Equipment,Dog,MEDIUM,27.98,869.46,5,1
0708,Accessory,Cat,Medium,18.1,516.87,4,1
0709,Equipment,Dog,medium,unlisted,872.4,NA,0
0710,Toys,Fish,Small,29.11,973.54,3,0
0711,Accessory,Dog,MEDIUM,22.96,575.3,3,1
0712,Equipment,Cat,medium,23.01,791.79,4,0
0713,Accessory,Fish,large,22.99,677.59,4,1
0714,Equipment,Fish,small,unlisted,705.17,NA,1
0715,Medicine,Cat,small,24.95,981.83,7,0
0716,Medicine,Cat,medium,20.06,741.31,7,0
0717,Equipment,Cat,Small,27.88,1034.76,5,1
0718,Accessory,Cat,medium,17.99,514.68,4,1
0719,Housing,Cat,SMALL,25.96,828.28,4,0
0720,Toys,Fish,Small,28.89,962.99,4,1
0721,Housing,Cat,Medium,20.83,612.54,4,1
0722,Housing,Cat,MEDIUM,21.14,618.85,7,1
0723,Medicine,Cat,large,29.86,1315.87,7,0
0724,Medicine,Fish,Small,unlisted,655.11,NA,1
0725,Equipment,Fish,Medium,18.22,512.56,2,1
0726,Housing,Cat,SMALL,25.96,822.82,4,0
0727,Toys,Fish,medium,23.92,741.3,4,1
0728,Toys,Dog,Large,43.92,1793.71,6,1
0729,Food,Bird,small,45.98,1450.78,5,-0
0730,Medicine,Fish,Large,unlisted,942.52,NA,1
0731,Medicine,Dog,LARGE,34.95,1414.51,7,0
0732,Equipment,Cat,small,28.03,1027.94,5,0
0733,Equipment,Dog,Medium,27.87,862.21,3,1
0734,Housing,Cat,small,25.72,811.65,3,1
0735,-,Cat,small,25.03,989.97,6,0
0736,Medicine,Fish,small,20.13,668.35,5,0
0737,Food,Fish,medium,21.01,546.78,4,0
0738,Equipment,Fish,LARGE,unlisted,988.54,NA,1
0739,Medicine,Dog,large,35.09,1423.65,9,0
0740,Equipment,Fish,Medium,17.95,508.24,5,1
0741,Toys,Dog,Small,39.24,1415.71,4,0
0742,Housing,Fish,medium,16.1,375.48,4,0
0743,Housing,Dog,Medium,26.19,678.2,5,-0
0744,Food,Dog,Large,unlisted,1454.29,NA,1
0745,Food,Fish,LARGE,31,1020.52,6,1
0746,Housing,Fish,large,26.07,788.32,4,1
0747,Toys,Cat,SMALL,34.05,1351.58,4,1
0748,Equipment,Dog,Small,unlisted,1111.1,NA,1
0749,Medicine,Cat,small,unlisted,994.09,NA,1
0750,Housing,Bird,MEDIUM,35.95,958.44,2,0
0751,Medicine,Fish,Small,19.98,670.39,4,1
0752,Food,Dog,Large,41.07,1466.78,6,1
0753,Toys,Fish,MEDIUM,24.06,747.21,7,1
0754,Housing,Fish,Large,25.83,776.93,3,1
0755,Housing,Fish,Medium,16.02,369.05,2,1
0756,Food,Dog,small,36.16,1121.32,4,0
0757,Toys,Fish,Small,28.98,965.14,7,0
0758,Toys,Fish,small,28.86,966.92,4,1
0759,Equipment,Fish,large,27.9,982.61,4,1
0760,Equipment,Dog,SMALL,32.85,1107.57,5,1
0761,Accessory,Fish,large,23.09,676.76,4,1
0762,Medicine,Dog,Large,34.94,1416.24,9,0
0763,Toys,Cat,Medium,29,1076.74,7,0
0764,Food,Dog,medium,30.87,880.81,3,0
0765,Toys,Fish,SMALL,29.26,981.65,6,0
0766,Equipment,Fish,small,unlisted,702.4,NA,-0
0767,Equipment,Cat,small,27.78,1020.3,7,1
0768,Equipment,Cat,SMALL,27.71,1019.84,6,1
0769,Toys,Cat,large,39.01,1716.93,8,0
0770,Toys,Cat,Small,33.84,1337.08,7,1
0771,Food,Bird,SMALL,45.99,1468.07,3,1
0772,Medicine,Fish,small,19.94,664.58,5,1
0773,Housing,Bird,MEDIUM,35.95,956.18,5,0
0774,Toys,Fish,Medium,24.02,741.25,5,1
0775,Equipment,Fish,small,23.18,705.78,4,0
0776,Equipment,Fish,small,22.7,692.32,5,1
0777,Accessory,Bird,large,43.16,1430.35,6,0
0778,Food,Fish,Large,30.94,1016.25,3,1
0779,Food,Bird,medium,41.1,1205.54,5,0
0780,Medicine,Fish,SMALL,19.94,662.95,7,1
0781,Toys,Fish,Small,29.01,973.67,7,1
0782,Accessory,Fish,medium,13.13,291.19,1,1
0783,Accessory,Dog,Medium,23.02,576.16,4,1
0784,Food,Dog,Large,41.02,1464.26,6,0
0785,Medicine,Cat,medium,20.13,752.27,6,1
0786,Accessory,Dog,large,33.11,1062.8,7,0
0787,Food,Cat,Small,30.96,1071.46,6,1
0788,Toys,Cat,small,34.29,1349.46,4,0
0789,Equipment,Cat,Small,28.02,1026.59,5,1
0790,Food,Bird,small,46.22,1469.39,5,-0
0791,Medicine,Cat,medium,unlisted,740.1,NA,1
0792,Equipment,Cat,small,27.78,1030.51,5,1
0793,Housing,Fish,MEDIUM,16.12,374.64,3,1
0794,Equipment,Cat,Small,27.76,1020.3,6,1
0795,Housing,Dog,small,31.06,880.33,3,0
0796,Housing,Fish,large,25.87,778.46,4,1
0797,Food,Cat,MEDIUM,25.98,829.32,7,1
0798,Toys,Cat,SMALL,34.08,1348.14,7,0
0799,Equipment,Cat,Small,27.86,1026.84,5,1
0800,Toys,Cat,Small,34.02,1355.03,6,1
0801,Toys,Fish,MEDIUM,unlisted,742.48,NA,0
0802,Housing,Fish,medium,16.02,368.24,4,1
0803,Housing,Fish,LARGE,25.82,776.97,5,-0
0804,Food,Dog,medium,30.9,885.44,3,0
0805,Toys,Cat,Small,34.1,1342.9,6,0
0806,Food,Cat,Small,30.8,1058.71,4,1
0807,Equipment,Cat,Small,27.69,1026.36,5,1
0808,Medicine,Cat,medium,unlisted,743.09,NA,1
0809,Toys,Fish,Medium,23.89,747.3,3,1
0810,Equipment,Dog,small,33.04,1109.25,4,0
0811,Housing,Bird,Small,40.92,1198.74,5,1
0812,Food,Bird,medium,40.89,1205.12,3,1
0813,Housing,Fish,small,20.92,530.85,4,1
0814,Housing,Bird,MEDIUM,35.99,965.29,4,1
0815,Medicine,Dog,Medium,24.88,844.07,4,1
0816,Medicine,Fish,LARGE,25.46,960.09,5,1
0817,Toys,Cat,SMALL,33.95,1356.63,6,0
0818,Food,Bird,small,45.98,1470.95,4,0
0819,Equipment,Cat,small,28.14,1040.25,7,-0
0820,Medicine,Fish,SMALL,20.09,668.82,6,1
0821,Medicine,Dog,SMALL,29.95,1086.46,6,1
0822,Equipment,Cat,Small,28.11,1040.08,7,1
0823,Accessory,Cat,small,23.13,717.93,6,-0
0824,Medicine,Cat,SMALL,24.94,980.93,4,0
0825,Housing,Dog,SMALL,30.98,876.43,6,1
0826,Equipment,Cat,Medium,22.98,790.28,5,1
0827,Housing,Bird,Small,40.93,1195.06,4,1
0828,Equipment,Cat,small,28.36,1041.38,7,0
0829,Medicine,Cat,medium,20.02,745.34,7,0
0830,Equipment,Cat,SMALL,28.02,1034.11,7,1
0831,Medicine,Cat,small,24.91,984.06,6,0
0832,Medicine,Dog,medium,24.85,831.99,3,1
0833,Toys,Cat,small,33.88,1349.47,3,1
0834,Housing,Fish,SMALL,21.22,544.35,5,1
0835,Housing,Fish,Large,25.93,781.99,4,-0
0836,Food,Dog,MEDIUM,31,886.74,3,1
0837,Accessory,Bird,large,42.99,1415.63,6,0
0838,Toys,Cat,SMALL,34.12,1354.43,7,1
0839,Housing,Fish,MEDIUM,16.16,375.45,4,1
0840,Equipment,Cat,SMALL,28.02,1038.37,5,0
0841,Food,Dog,Medium,30.97,893.82,4,1
0842,Equipment,Cat,small,28.3,1047.36,4,0
0843,-,Cat,SMALL,28.14,1040.57,7,1
0844,Equipment,Cat,Small,28.18,1035.68,6,1
0845,Housing,Dog,medium,25.88,675.98,6,1
0846,Medicine,Fish,small,20.07,666.34,3,0
0847,Medicine,Fish,MEDIUM,14.89,459.46,4,1
0848,Food,Cat,small,30.85,1061.36,4,1
0849,Accessory,Fish,large,22.88,671.44,2,1
0850,Food,Dog,Large,40.97,1452.61,6,0
0851,Accessory,Bird,Medium,33.08,857.2,5,1
0852,Medicine,Dog,Medium,25.1,842.65,6,1
0853,Food,Bird,medium,41,1205.26,5,1
0854,Medicine,Cat,medium,19.93,738.82,8,1
0855,Equipment,Cat,SMALL,27.9,1038.63,5,-0
0856,Housing,Cat,small,25.86,826.49,1,1
0857,Medicine,Fish,Small,19.83,660.5,4,1
0858,Accessory,Bird,large,42.92,1410.58,5,0
0859,Equipment,Cat,small,27.84,1031.58,4,0
0860,Accessory,Dog,Large,33.13,1063.88,4,1
0861,Food,Dog,MEDIUM,31.14,890.38,3,0
0862,Equipment,Cat,small,27.97,1036.56,3,-0
0863,Toys,Cat,LARGE,38.99,1724.15,7,1
0864,Housing,Cat,medium,21.21,619.91,4,1
0865,Equipment,Dog,Large,37.87,1441.13,8,0
0866,Housing,Cat,small,26,825.1,6,1
0867,Toys,Cat,SMALL,33.86,1335.86,6,0
0868,Equipment,Cat,small,28.13,1037.69,3,1
0869,Equipment,Cat,small,27.74,1022.85,7,0
0870,Equipment,Cat,Small,28.12,1028.41,5,1
0871,Toys,Fish,small,28.99,979.7,3,1
0872,Housing,Dog,Small,30.96,867.54,6,-0
0873,Accessory,Fish,large,23.12,675.29,6,1
0874,Housing,Fish,medium,16.03,371.78,5,0
0875,Housing,Cat,MEDIUM,20.99,614.98,3,1
0876,Equipment,Fish,Medium,18.13,511.4,5,1
0877,Equipment,Cat,small,28.04,1038.43,4,1
0878,Toys,Dog,small,39.07,1420.2,6,-0
0879,Food,Fish,medium,20.95,538.59,2,0
0880,Toys,Cat,SMALL,33.97,1354.37,7,1
0881,Equipment,Fish,small,22.98,702.46,6,1
0882,Housing,Fish,SMALL,21.21,539.3,2,0
0883,Equipment,Cat,MEDIUM,22.87,790.8,6,1
0884,Equipment,Cat,small,27.94,1034.08,5,0
0885,Toys,Cat,SMALL,34.07,1342.9,6,0
0886,Equipment,Dog,small,unlisted,1104.13,NA,1
0887,Medicine,Bird,Medium,unlisted,1200.71,NA,1
0888,Equipment,Cat,SMALL,28.22,1041.84,6,0
0889,Medicine,Dog,small,30.12,1086.5,3,1
0890,Equipment,Cat,Small,unlisted,1028.48,NA,1
0891,Equipment,Cat,small,27.9,1032.07,5,1
0892,Toys,Fish,large,34.15,1295.24,7,0
0893,Equipment,Cat,SMALL,28.1,1031.91,4,0
0894,Medicine,Fish,large,25.09,946.65,4,1
0895,Equipment,Fish,small,unlisted,705.52,NA,1
0896,Toys,Cat,small,33.97,1332.09,7,1
0897,Housing,Fish,medium,16.12,374.75,5,1
0898,Toys,Dog,Medium,34.07,1157.99,5,0
0899,Equipment,Cat,Small,28.08,1034.93,6,0
0900,Toys,Fish,LARGE,34.1,1300.55,9,0
0901,Food,Fish,Small,25.78,722.29,4,0
0902,Equipment,Cat,Small,28.03,1029.89,6,-0
0903,Housing,Dog,Small,30.78,873.15,7,1
0904,Medicine,Fish,small,20.02,666.64,3,1
0905,Equipment,Cat,SMALL,28.06,1037.46,4,1
0906,Housing,Dog,medium,26.15,677.08,3,1
0907,Food,Cat,small,31.08,1068.61,5,0
0908,Equipment,Cat,Small,28.2,1043.24,6,-0
0909,Housing,Dog,MEDIUM,26.01,673.01,4,1
0910,Equipment,Cat,Medium,22.99,790.78,6,1
0911,Medicine,Fish,small,unlisted,662.31,NA,0
0912,Accessory,Bird,large,42.93,1412.1,4,1
0913,Food,Dog,MEDIUM,31.11,893.03,6,1
0914,-,Dog,MEDIUM,34.07,1148.89,5,1
0915,Toys,Cat,Small,33.95,1348.27,7,-0
0916,Equipment,Bird,small,43.1,1481.11,7,-0
0917,Medicine,Fish,small,20.04,667.84,6,0
0918,Medicine,Fish,medium,14.96,460.07,6,0
0919,Equipment,Fish,small,23.06,704.66,3,1
0920,Equipment,Fish,Small,23.09,706.5,4,1
0921,Toys,Cat,SMALL,34.08,1355.69,7,1
0922,Accessory,Fish,small,17.95,441.1,3,1
0923,Equipment,Cat,small,27.99,1028.67,6,0
0924,Accessory,Fish,large,unlisted,669.43,NA,0
0925,Housing,Cat,small,unlisted,827.23,NA,1
0926,Food,Dog,Medium,31.15,899.82,4,0
0927,Toys,Cat,SMALL,34.21,1352.84,7,1
0928,Toys,Dog,Small,39.16,1415.51,5,1
0929,Housing,Dog,Large,36.09,1186.89,8,1
0930,Medicine,Dog,Medium,24.83,833.95,4,0
0931,Toys,Cat,small,34.18,1363.79,5,1
0932,Toys,Cat,small,34.02,1348.83,9,0
0933,Food,Bird,MEDIUM,41.32,1206.38,4,0
0934,Toys,Cat,Small,33.97,1336.5,6,0
0935,Housing,Fish,Medium,16.08,373.2,6,1
0936,Toys,Bird,Medium,43.97,1522.17,7,0
0937,Food,Fish,small,25.83,726.3,5,0
0938,Equipment,Cat,small,27.81,1024.69,4,0
0939,Toys,Cat,small,unlisted,1361.73,NA,0
0940,Food,Fish,medium,21.02,544.48,4,1
0941,Medicine,Bird,SMALL,unlisted,1488.93,NA,0
0942,Equipment,Cat,Small,28.09,1037.72,6,1
0943,Housing,Fish,SMALL,21.21,542.84,3,1
0944,Food,Dog,small,35.85,1116.82,5,1
0945,Toys,Fish,MEDIUM,23.9,741.42,3,1
0946,Toys,Dog,Large,43.85,1788.28,8,1
0947,Toys,Cat,small,33.92,1341.72,7,-0
0948,Toys,Dog,Small,38.79,1404.28,6,0
0949,Housing,Dog,medium,25.91,672.46,5,0
0950,Housing,Fish,Large,26.08,784.59,6,1
0951,Medicine,Dog,Medium,25.05,843.34,6,0
0952,Equipment,Cat,SMALL,27.81,1028.3,5,1
0953,Toys,Cat,small,34.04,1346.22,6,1
0954,Accessory,Dog,Large,33.15,1066.57,6,0
0955,Medicine,Fish,small,20.26,674.35,6,0
0956,Food,Dog,Medium,30.82,878.78,3,1
0957,Equipment,Cat,Small,28.06,1035.76,7,1
0958,Housing,Cat,small,26.02,816.48,6,0
0959,-,Bird,Small,40.89,1192.94,5,1
0960,Medicine,Dog,small,30.02,1081.32,3,1
0961,Housing,Cat,large,30.85,1118.18,4,-0
0962,Food,Dog,Medium,31.01,894.05,6,1
0963,-,Cat,small,25.06,992.35,7,1
0964,Housing,Fish,MEDIUM,16.19,376.62,1,0
0965,Accessory,Dog,large,33,1058.53,6,0
0966,Toys,Dog,small,39.07,1415.91,6,0
0967,Equipment,Cat,small,28.06,1036.52,5,1
0968,Equipment,Cat,SMALL,27.95,1027.25,8,1
0969,Food,Fish,small,25.96,733.84,6,0
0970,Food,Bird,Large,51.05,1854.64,5,1
0971,Medicine,Fish,Small,20,664.85,5,-0
0972,Equipment,Fish,small,22.98,707.54,3,1
0973,Accessory,Dog,large,32.99,1059.35,4,1
0974,Toys,Dog,medium,34.06,1150.23,4,1
0975,Equipment,Cat,small,28.25,1040.92,5,-0
0976,Accessory,Bird,Large,43.01,1418.55,8,1
0977,Equipment,Cat,Small,28.25,1041.42,8,1
0978,Equipment,Cat,MEDIUM,unlisted,787.29,NA,0
0979,Housing,Bird,MEDIUM,36.08,959.73,6,1
0980,Equipment,Cat,Small,27.93,1033.08,6,-0
0981,Equipment,Cat,small,27.74,1019.89,3,1
0982,Equipment,Cat,Medium,22.91,787.99,5,1
0983,Food,Bird,large,unlisted,1848.03,NA,1
0984,Housing,Cat,Medium,21.1,616.53,5,1
0985,Food,Dog,Small,35.88,1117.99,4,0
0986,Medicine,Bird,medium,35.07,1202.57,5,-0
0987,Food,Dog,Large,41.03,1460.01,2,1
0988,Toys,Cat,SMALL,34.06,1348.07,8,1
0989,Toys,Dog,Small,38.77,1401.22,6,0
0990,Food,Dog,small,unlisted,1115.77,NA,0
0991,Medicine,Bird,SMALL,unlisted,1464.28,NA,1
0992,Toys,Fish,small,28.82,962.25,8,-0
0993,Toys,Cat,medium,28.95,1082.61,7,0
0994,Equipment,Dog,Medium,28.24,876.91,4,-0
0995,Equipment,Dog,small,32.98,1108.36,7,1
0996,Toys,Fish,medium,24.24,752.56,7,1
0997,Food,Dog,LARGE,40.81,1452.83,7,1
0998,Housing,Fish,MEDIUM,16.07,373.55,4,-0
0999,Accessory,Bird,medium,33,857.71,3,0
1000,Equipment,Cat,SMALL,unlisted,1036.76,NA,1
1001,Food,Fish,Medium,20.87,540.31,4,1
1002,Equipment,Cat,Small,27.99,1037.54,7,1
1003,Equipment,Cat,SMALL,28,1027.35,4,1
1004,Food,Dog,MEDIUM,31.12,889.96,4,0
1005,Food,Cat,medium,unlisted,832.65,NA,0
1006,Food,Dog,Small,36.09,1129.37,7,0
1007,Equipment,Fish,small,22.93,710.63,4,1
1008,Toys,Cat,SMALL,unlisted,1349.36,NA,1
1009,Housing,Dog,medium,25.98,670.61,4,1
1010,Toys,Cat,SMALL,34.07,1347.5,6,1
1011,Medicine,Cat,MEDIUM,20.02,740.69,6,1
1012,Toys,Dog,medium,34.03,1150.04,5,-0
1013,Toys,Cat,medium,28.94,1080.7,6,1
1014,Housing,Dog,large,36.03,1190.53,5,-0
1015,Housing,Fish,Small,20.91,530.62,5,0
1016,Equipment,Cat,small,28.07,1034.77,7,1
1017,Equipment,Fish,medium,17.99,508.73,4,0
1018,Equipment,Cat,small,unlisted,1034.21,NA,0
1019,Equipment,Cat,Small,28.17,1034.85,5,1
1020,Medicine,Cat,small,25.26,1002.5,7,1
1021,Housing,Cat,Small,26.33,834.38,3,1
1022,Medicine,Fish,Small,20.15,666.43,4,1
1023,Housing,Fish,small,20.82,528.85,4,1
1024,Medicine,Fish,large,24.85,936.86,6,1
1025,Equipment,Cat,Small,28.03,1034.58,7,1
1026,Food,Dog,MEDIUM,30.98,886.47,4,1
1027,Food,Bird,small,46.04,1475.75,5,-0
1028,Food,Dog,small,36.16,1121.08,7,-0
1029,Equipment,Cat,SMALL,28,1031.79,3,0
1030,Equipment,Cat,medium,23.11,796.9,6,1
1031,Equipment,Fish,medium,18.13,513.32,4,1
1032,Food,Dog,LARGE,41.12,1464.05,6,0
1033,Food,Bird,small,46.11,1478.87,6,0
1034,Toys,Fish,small,29.24,971.18,4,1
1035,Medicine,Fish,small,19.87,654.6,4,1
1036,Accessory,Cat,large,28.01,996.05,5,0
1037,Food,Fish,small,26.12,740.36,4,1
1038,Toys,Dog,MEDIUM,34.12,1156.11,6,1
1039,Equipment,Cat,Small,28.29,1040.95,4,1
1040,Equipment,Cat,small,28.12,1039.04,4,0
1041,Medicine,Fish,Medium,15.09,463.31,3,1
1042,Medicine,Fish,Small,19.94,667.22,5,1
1043,Food,Cat,MEDIUM,26.01,837.5,2,1
1044,Medicine,Dog,medium,25.07,840.14,6,0
1045,Toys,Cat,small,34.08,1351.43,8,0
1046,Accessory,Dog,MEDIUM,22.81,573.78,3,1
1047,Toys,Dog,small,39.38,1440.68,8,1
1048,Accessory,Dog,medium,22.96,578.3,3,1
1049,Equipment,Cat,Small,28.02,1035.84,6,1
1050,Equipment,Cat,large,32.98,1366.49,7,0
1051,Equipment,Cat,small,unlisted,1038.63,NA,1
1052,Food,Fish,small,26.16,738.33,6,1
1053,Accessory,Bird,large,42.92,1418.79,6,0
1054,Housing,Fish,medium,15.98,375.68,2,0
1055,Food,Cat,medium,26.15,837.87,5,1
1056,Equipment,Dog,Small,unlisted,1106.54,NA,0
1057,Equipment,Fish,Small,23,714.06,2,0
1058,Medicine,Dog,MEDIUM,24.94,837.64,5,0
1059,Equipment,Cat,Small,28.12,1035,6,1
1060,Medicine,Fish,Small,20,664.07,7,1
1061,Food,Dog,large,41,1463.58,7,1
1062,Food,Cat,Small,unlisted,1060.2,NA,0
1063,Housing,Cat,medium,21.19,621.37,5,1
1064,Accessory,Bird,large,43.2,1433.16,4,0
1065,Housing,Dog,Medium,25.97,669.42,5,1
1066,Equipment,Cat,SMALL,28.09,1036.27,4,1
1067,Equipment,Cat,small,27.97,1038.51,4,1
1068,Food,Fish,small,26.02,729.12,6,1
1069,Food,Bird,medium,40.99,1200.77,3,0
1070,Accessory,Dog,MEDIUM,23.08,579.68,2,1
1071,Equipment,Cat,SMALL,28.18,1034.92,3,1
1072,Equipment,Cat,MEDIUM,22.98,793.94,4,0
1073,Equipment,Fish,Small,22.97,714.34,5,1
1074,Toys,Cat,SMALL,33.85,1346.37,6,1
1075,Toys,Cat,Medium,28.96,1073.72,7,1
1076,Toys,Fish,small,28.88,969.86,5,1
1077,Accessory,Bird,large,43.05,1419.46,5,1
1078,Equipment,Dog,SMALL,unlisted,1103.5,NA,1
1079,Accessory,Bird,Large,42.86,1412.95,3,1
1080,Food,Dog,Medium,30.95,879.04,3,1
1081,Toys,Cat,small,33.86,1350.19,8,1
1082,Food,Dog,large,40.99,1460.03,5,0
1083,Accessory,Dog,Small,28.18,786.07,5,-0
1084,Housing,Dog,Large,36.12,1184.59,6,1
1085,Housing,Cat,Small,26.14,830.15,4,1
1086,Food,Cat,Medium,26.09,836.41,3,0
1087,Medicine,Fish,small,19.87,673.29,6,1
1088,Food,Fish,Large,31.03,1018.51,3,1
1089,Housing,Dog,medium,26.1,671.98,5,1
1090,Equipment,Dog,small,32.84,1107.49,3,0
1091,Toys,Cat,LARGE,38.99,1723.84,6,0
1092,Medicine,Bird,medium,34.96,1199.48,5,0
1093,Housing,Dog,medium,25.93,669.59,3,1
1094,Equipment,Cat,Small,28.07,1031.11,8,1
1095,Toys,Cat,small,33.94,1351.92,6,1
1096,Food,Dog,Medium,31.03,886.23,6,0
1097,Equipment,Dog,Small,33.2,1107.27,6,1
1098,-,Bird,Large,50.93,1863.64,5,1
1099,Equipment,Fish,SMALL,23.1,708.04,4,0
1100,-,Cat,Medium,19.89,737.02,6,1
1101,Food,Cat,Medium,26.03,837.42,3,1
1102,Food,Cat,SMALL,30.82,1061.82,7,0
1103,-,Dog,small,35.78,1105.22,3,1
1104,Toys,Fish,small,28.74,956.72,6,1
1105,Toys,Bird,Large,54.07,2244.67,6,1
1106,Medicine,Fish,Medium,15.06,464.91,5,0
1107,Toys,Cat,small,33.99,1350.47,6,1
1108,Medicine,Dog,medium,25.06,839.05,3,-0
1109,Accessory,Bird,medium,33.01,857.7,5,0
1110,Food,Dog,LARGE,40.85,1456.65,4,0
1111,Equipment,Cat,Medium,22.83,787.38,5,1
1112,Food,Fish,MEDIUM,21.15,546.52,5,1
1113,Accessory,Bird,large,42.82,1415.63,5,-0
1114,Food,Cat,large,36.08,1405.07,4,1
1115,Equipment,Cat,small,27.97,1028.23,6,1
1116,Toys,Cat,medium,29.04,1075.67,7,-0
1117,Housing,Fish,Medium,16,372.34,3,1
1118,Medicine,Bird,Small,39.97,1482.25,6,0
1119,Medicine,Fish,medium,15.05,466.99,4,1
1120,Toys,Fish,Small,28.85,961.2,5,0
1121,Housing,Fish,Small,21.03,540.91,4,1
1122,Medicine,Dog,small,30.18,1092.28,3,1
1123,Housing,Dog,medium,25.97,674.51,1,0
1124,Food,Cat,Medium,unlisted,836.8,NA,1
1125,Equipment,Cat,Small,27.9,1022.98,8,-0
1126,Equipment,Cat,SMALL,27.95,1036.83,6,-0
1127,Accessory,Dog,medium,23.23,580.21,2,1
1128,Medicine,Cat,small,24.82,975.39,6,0
1129,Housing,Fish,Medium,16.31,377.85,6,0
1130,Food,Dog,small,36.01,1116.83,6,0
1131,Toys,Bird,medium,43.95,1528.36,6,1
1132,Housing,Cat,LARGE,30.92,1121,6,1
1133,Housing,Bird,large,46.03,1554.87,5,1
1134,Medicine,Bird,SMALL,40.12,1496.24,8,1
1135,Food,Dog,large,41.03,1458.21,6,1
1136,Housing,Cat,MEDIUM,21.09,616.03,4,1
1137,Toys,Cat,small,33.87,1349.94,6,-0
1138,Accessory,Dog,Large,32.96,1060.28,7,1
1139,Medicine,Fish,medium,14.91,461.45,6,1
1140,Toys,Fish,MEDIUM,23.95,742.13,5,0
1141,Equipment,Cat,Medium,22.99,795.09,6,1
1142,Medicine,Dog,Large,34.89,1422.11,8,1
1143,Food,Dog,Large,40.94,1457.65,5,1
1144,Medicine,Dog,SMALL,30.12,1090.12,5,1
1145,Toys,Cat,medium,29.13,1085.6,8,1
1146,Housing,Dog,medium,unlisted,676.23,NA,1
1147,Toys,Dog,Medium,33.89,1143.17,5,1
1148,Equipment,Cat,Small,unlisted,1041.75,NA,0
1149,Medicine,Fish,large,unlisted,947.72,NA,0
1150,Housing,Cat,Small,26.12,826.71,3,1
1151,Equipment,Dog,SMALL,33.19,1120.87,6,1
1152,Food,Dog,Medium,30.98,887.17,5,1
1153,Medicine,Dog,SMALL,29.93,1074.88,5,1
1154,-,Dog,LARGE,36.01,1182.3,5,0
1155,Housing,Fish,small,20.99,536.74,2,1
1156,Medicine,Bird,LARGE,44.99,1866.6,7,1
1157,Toys,Dog,small,39.08,1416.85,4,0
1158,Medicine,Cat,MEDIUM,19.93,740.57,5,-0
1159,Medicine,Cat,Small,24.94,985.36,6,0
1160,Equipment,Cat,SMALL,28,1025.28,6,1
1161,Equipment,Fish,SMALL,23.09,711.6,3,0
1162,Toys,Cat,Small,34.01,1343.25,8,1
1163,Medicine,Dog,small,30.14,1090.27,5,1
1164,Toys,Dog,Medium,34.08,1158.7,5,1
1165,Housing,Cat,Medium,20.87,611.8,3,0
1166,Food,Dog,Large,unlisted,1456.41,NA,1
1167,Housing,Dog,SMALL,30.98,873.35,4,1
1168,Housing,Fish,Small,20.91,534.41,4,0
1169,Accessory,Bird,large,42.97,1407.69,6,1
1170,Medicine,Bird,medium,35.13,1213.65,6,0
1171,Housing,Dog,Medium,25.84,668.4,5,-0
1172,Toys,Fish,small,29.28,976.79,6,1
1173,Accessory,Bird,MEDIUM,33.03,856.73,4,1
1174,Accessory,Dog,Large,unlisted,1058.86,NA,0
1175,Toys,Bird,Medium,unlisted,1521.54,NA,1
1176,Housing,Fish,MEDIUM,15.86,367.4,4,1
1177,Medicine,Dog,small,29.89,1073.33,3,1
1178,Equipment,Fish,small,22.94,701.56,6,0
1179,Toys,Cat,small,33.92,1344.28,6,0
1180,Toys,Dog,Medium,33.9,1146.77,4,1
1181,Food,Fish,medium,20.97,540.48,3,1
1182,Accessory,Dog,Medium,22.98,578.68,4,1
1183,Medicine,Cat,small,25.13,983.53,6,1
1184,Equipment,Fish,small,22.86,701.33,4,1
1185,Food,Fish,Small,26.23,740.95,2,1
1186,Accessory,Bird,MEDIUM,unlisted,852.94,NA,1
1187,Medicine,Cat,medium,19.98,739.23,8,1
1188,Medicine,Cat,small,24.84,985.8,8,1
1189,Food,Dog,medium,31.13,887.6,3,0
1190,Equipment,Fish,Small,23.32,721.28,4,1
1191,Accessory,Dog,medium,22.67,574.02,4,-0
1192,Medicine,Dog,Small,unlisted,1069.56,NA,0
1193,Equipment,Cat,Small,28,1028.88,5,1
1194,Toys,Fish,SMALL,29.09,981.79,3,-0
1195,Housing,Bird,small,40.88,1209.03,2,1
1196,Medicine,Cat,small,25.16,991.31,7,0
1197,Toys,Cat,Small,unlisted,1342.8,NA,0
1198,Medicine,Dog,Medium,25.24,848.15,6,1
1199,Food,Bird,Large,50.98,1864.23,6,0
1200,Equipment,Fish,small,22.92,701.69,6,1
1201,Toys,Cat,medium,29.14,1089.14,5,0
1202,Medicine,Cat,Medium,19.93,735.75,6,1
1203,Toys,Fish,medium,unlisted,739.2,NA,0
1204,Equipment,Fish,SMALL,22.85,698.33,6,0
1205,Housing,Fish,medium,15.95,367.33,4,1
1206,Toys,Fish,Small,29.06,970.58,4,0
1207,Equipment,Cat,Small,27.98,1039.91,8,0
1208,Medicine,Dog,SMALL,30.18,1085.6,4,1
1209,Medicine,Cat,medium,20.25,750.83,8,0
1210,Equipment,Cat,Small,unlisted,1032.52,NA,-0
1211,Medicine,Fish,small,20.06,670.46,3,1
1212,Food,Dog,medium,31.17,895.6,5,1
1213,Equipment,Cat,Small,28.23,1034.34,5,1
1214,Toys,Fish,small,29.08,968.84,6,1
1215,Medicine,Fish,Small,19.78,653.98,7,1
1216,Medicine,Dog,medium,25.12,848.37,6,1
1217,Equipment,Cat,SMALL,27.97,1024.6,6,1
1218,Housing,Bird,large,unlisted,1553.8,NA,0
1219,Food,Bird,MEDIUM,40.82,1202.97,7,1
1220,Housing,Dog,small,30.97,870.65,4,1
1221,Equipment,Cat,small,28.11,1031.47,7,0
1222,Medicine,Dog,small,30.2,1096.94,5,1
1223,Equipment,Cat,Large,unlisted,1360.05,NA,1
1224,Toys,Cat,medium,29.15,1084.58,6,-0
1225,Medicine,Cat,Small,25.08,987.32,7,1
1226,Housing,Fish,SMALL,21.09,539.12,3,1
1227,Toys,Cat,SMALL,34.18,1349.62,5,1
1228,Medicine,Dog,SMALL,29.78,1081.82,4,1
1229,Toys,Fish,large,33.82,1288.45,9,0
1230,Medicine,Dog,medium,25,837.87,5,0
1231,Housing,Cat,small,25.72,814.21,4,1
1232,Food,Dog,Medium,30.86,880.72,3,1
1233,Equipment,Dog,Medium,28.07,873.86,6,1
1234,Food,Dog,large,unlisted,1461.92,NA,1
1235,Medicine,Dog,medium,24.96,838.39,6,0
1236,Toys,Fish,medium,23.91,741.86,4,1
1237,Equipment,Bird,Medium,38.18,1220.59,4,1
1238,Housing,Dog,Medium,25.96,676.39,2,1
1239,Accessory,Dog,large,33.11,1070.83,3,0
1240,Food,Dog,LARGE,unlisted,1457.56,NA,0
1241,Accessory,Dog,medium,23.02,579.38,4,1
1242,Equipment,Fish,small,23.06,705.4,4,1
1243,Medicine,Dog,Small,30,1082.62,4,1
1244,Food,Fish,large,31.03,1019.89,5,1
1245,Housing,Dog,medium,26.08,682.44,5,1
1246,-,Dog,Small,39.32,1418.79,8,0
1247,Toys,Fish,small,29.17,979.77,7,0
1248,Toys,Fish,medium,23.91,742.87,7,1
1249,Food,Dog,medium,31.24,894.09,6,0
1250,Housing,Fish,medium,15.82,363.99,4,1
1251,Toys,Cat,small,34.15,1343.57,6,-0
1252,Housing,Cat,medium,unlisted,614.79,NA,1
1253,Equipment,Cat,Small,28.3,1040.14,4,1
1254,Medicine,Fish,Large,24.91,944.66,5,1
1255,Equipment,Cat,Small,27.94,1024.94,7,-0
1256,Housing,Dog,medium,25.9,671.4,4,1
1257,Toys,Fish,small,29.26,980.1,3,0
1258,Equipment,Cat,medium,22.95,790.27,5,1
1259,Medicine,Cat,small,unlisted,985.92,NA,1
1260,Housing,Bird,MEDIUM,35.82,961.5,2,0
1261,Housing,Cat,medium,21.23,621.24,4,1
1262,Toys,Cat,Small,33.92,1348.27,4,0
1263,Medicine,Cat,SMALL,25.03,981.25,6,-0
1264,Equipment,Cat,Medium,23.04,792.83,4,0
1265,Accessory,Bird,LARGE,43.04,1416.72,5,1
1266,Equipment,Cat,small,28.06,1044.42,5,1
1267,Equipment,Dog,medium,28.04,877.14,5,0
1268,Accessory,Bird,large,43.06,1420.06,5,0
1269,Housing,Dog,Large,35.78,1171.97,4,1
1270,Equipment,Cat,MEDIUM,23.05,794.78,4,1
1271,Housing,Cat,Small,25.92,825.04,3,1
1272,Housing,Fish,medium,16.01,371.46,5,1
1273,Medicine,Fish,small,20.15,670.98,2,1
1274,Toys,Cat,small,unlisted,1337.97,NA,1
1275,Food,Cat,Medium,26.05,830.96,4,1
1276,Equipment,Cat,SMALL,27.89,1028.62,6,1
1277,Equipment,Cat,small,28.06,1031.23,7,0
1278,Toys,Bird,Small,48.58,1795.37,4,-0
1279,Accessory,Bird,large,unlisted,1413.83,NA,1
1280,Equipment,Fish,medium,18.02,510.2,5,1
1281,Medicine,Bird,medium,34.97,1204.94,4,1
1282,Equipment,Cat,small,28.12,1038.16,4,0
1283,Food,Cat,MEDIUM,26.19,840.6,5,1
1284,-,Fish,large,27.93,986.13,7,1
1285,Food,Dog,Medium,30.99,893.05,5,1
1286,Equipment,Cat,small,28,1033.84,6,0
1287,Equipment,Fish,SMALL,22.98,705.81,4,1
1288,Food,Cat,Small,31.09,1069.09,7,1
1289,Equipment,Fish,Small,22.75,700.6,2,1
1290,Toys,Fish,small,28.69,964.06,6,1
1291,Food,Dog,small,36.05,1129.12,5,0
1292,Food,Dog,large,40.91,1455.71,7,-0
1293,Equipment,Cat,Medium,23.02,794.39,5,0
1294,Medicine,Cat,Small,unlisted,1004.82,NA,1
1295,Food,Dog,medium,31.05,889.99,2,1
1296,Equipment,Cat,small,28.09,1033.12,7,1
1297,Medicine,Fish,Large,24.9,945.5,5,1
1298,Medicine,Fish,Medium,14.97,463.22,3,1
1299,Accessory,Bird,large,42.99,1418.66,6,0
1300,Medicine,Cat,SMALL,24.83,974.18,6,1
1301,Accessory,Fish,Small,18.05,455.22,6,1
1302,Medicine,Dog,Small,30,1078.38,7,0
1303,Food,Cat,small,30.9,1060.34,6,1
1304,Food,Cat,Large,36.02,1403.1,5,1
1305,Food,Bird,Small,unlisted,1477.55,NA,1
1306,Housing,Dog,small,unlisted,879.39,NA,1
1307,Toys,Cat,MEDIUM,28.95,1073.81,5,0
1308,Housing,Dog,large,35.91,1176.79,4,1
1309,Food,Dog,Medium,30.95,886.69,6,1
1310,Accessory,Bird,LARGE,43.04,1421.88,4,1
1311,Equipment,Cat,Large,33.05,1371.23,8,-0
1312,Equipment,Cat,small,27.87,1027.15,6,0
1313,Accessory,Bird,LARGE,42.96,1413.72,3,1
1314,Accessory,Bird,medium,33.04,857.3,3,1
1315,Equipment,Cat,SMALL,27.96,1027.74,5,1
1316,Medicine,Cat,Medium,20.04,743.94,6,0
1317,Housing,Cat,small,26.01,833.39,4,0
1318,Equipment,Fish,small,23.17,710.89,5,1
1319,Food,Fish,small,25.86,724.43,4,0
1320,Food,Bird,medium,41.18,1205.87,6,0
1321,Equipment,Cat,SMALL,28.26,1038.15,7,0
1322,Medicine,Dog,small,29.91,1086.08,6,-0
1323,Medicine,Bird,Medium,34.87,1208.63,3,0
1324,Equipment,Cat,MEDIUM,22.77,787.45,8,0
1325,Medicine,Dog,medium,25.06,842.69,5,1
1326,Medicine,Cat,small,25,990.45,5,1
1327,Food,Bird,small,46.01,1456.73,3,1
1328,Food,Dog,large,41.07,1464.07,6,-0
1329,Toys,Dog,Small,39.01,1417.4,6,1
1330,Medicine,Cat,Small,25.2,997.89,6,1
1331,Housing,Cat,small,25.95,828.94,4,1
1332,Equipment,Dog,SMALL,33.01,1105.18,5,0
1333,Equipment,Cat,small,27.86,1029.26,7,1
1334,Toys,Cat,SMALL,34.23,1364.51,7,1
1335,Equipment,Cat,medium,22.91,793.46,7,1
1336,Medicine,Fish,small,19.88,658.41,6,0
1337,Housing,Dog,large,35.92,1184.25,4,1
1338,Housing,Dog,medium,25.86,670.9,3,1
1339,Food,Dog,small,36.07,1119.69,5,0
1340,Food,Fish,small,26.01,735.55,4,1
1341,Accessory,Dog,small,27.92,763.01,3,1
1342,Medicine,Fish,medium,15,460,5,1
1343,Equipment,Fish,Small,unlisted,709.77,NA,1
1344,Housing,Bird,MEDIUM,36.18,971.62,4,1
1345,Accessory,Dog,Medium,23.06,586.24,3,0
1346,Medicine,Fish,small,19.94,669.91,6,1
1347,Accessory,Bird,Large,43.07,1419.57,2,1
1348,Medicine,Cat,SMALL,25.52,1006.84,3,1
1349,Housing,Fish,medium,15.94,366.26,5,1
1350,Housing,Fish,MEDIUM,16.16,371.36,5,-0
1351,Food,Bird,medium,41.13,1205.72,5,0
1352,Equipment,Dog,small,32.74,1092.07,4,0
1353,Equipment,Dog,Small,33.06,1112.52,5,0
1354,Medicine,Fish,medium,unlisted,463.11,NA,1
1355,Toys,Cat,SMALL,34.18,1353.65,6,1
1356,Equipment,Cat,small,27.91,1026.25,7,1
1357,Equipment,Cat,SMALL,28.04,1031.53,6,1
1358,Medicine,Fish,LARGE,25.06,951.17,5,1
1359,Housing,Cat,small,26.3,829.47,5,0
1360,Housing,Fish,medium,15.77,362.05,5,1
1361,Equipment,Cat,Medium,23.19,799.47,3,1
1362,Toys,Bird,medium,43.84,1520.01,5,0
1363,Medicine,Fish,small,20.04,662.93,6,1
1364,Medicine,Cat,SMALL,unlisted,1011.46,NA,-0
1365,Equipment,Dog,Medium,27.97,873.61,3,0
1366,Equipment,Dog,Medium,28.03,869.3,6,0
1367,Equipment,Dog,small,33.06,1111.79,5,1
1368,Food,Bird,Medium,41.07,1203.75,6,0
1369,Toys,Cat,MEDIUM,28.99,1079.9,8,0
1370,Equipment,Dog,small,33.43,1121.91,5,1
1371,-,Bird,SMALL,37.92,1089.88,6,0
1372,Equipment,Fish,Small,22.95,704.17,3,1
1373,Accessory,Bird,large,42.91,1407.59,6,0
1374,Toys,Fish,small,28.75,957.13,7,1
1375,Equipment,Cat,small,27.82,1025.73,5,-0
1376,Medicine,Fish,Medium,15.22,468.34,4,-0
1377,Equipment,Cat,medium,unlisted,795.74,NA,-0
1378,Equipment,Cat,small,unlisted,1054.05,NA,1
1379,Equipment,Cat,small,27.74,1019.3,6,1
1380,Toys,Fish,SMALL,29.35,991.57,3,1
1381,Equipment,Cat,MEDIUM,23.07,794.03,5,-0
1382,Equipment,Dog,small,32.79,1098.65,5,0
1383,Toys,Cat,Large,39.04,1723.87,8,1
1384,Housing,Dog,Small,30.85,876.4,5,1
1385,Accessory,Fish,Medium,13.02,290.77,4,1
1386,Medicine,Dog,SMALL,29.92,1090.37,3,1
1387,Toys,Cat,Small,34.24,1358.2,4,1
1388,Accessory,Dog,LARGE,32.82,1057.8,6,1
1389,Toys,Cat,SMALL,33.97,1339.38,8,1
1390,Housing,Cat,medium,20.95,612.38,5,-0
1391,Food,Dog,MEDIUM,31.17,897.03,5,1
1392,Accessory,Cat,medium,unlisted,511.95,NA,1
1393,Medicine,Cat,small,24.86,977.27,4,1
1394,Toys,Fish,small,29.53,990.59,6,1
1395,Housing,Dog,large,unlisted,1178.31,NA,1
1396,Equipment,Cat,small,unlisted,1033.69,NA,1
1397,Equipment,Cat,small,27.99,1035.36,6,1
1398,Housing,Bird,large,46.18,1554.04,7,1
1399,Food,Cat,Small,30.82,1068.42,4,1
1400,Medicine,Cat,large,30,1317.64,9,1
1401,Housing,Bird,MEDIUM,unlisted,966.29,NA,0
1402,Food,Bird,medium,41.11,1207.12,4,1
1403,Housing,Cat,Medium,21.08,613.94,4,1
1404,Equipment,Fish,small,22.98,704.63,3,1
1405,Food,Fish,medium,21.09,544.1,4,0
1406,Accessory,Bird,large,unlisted,1421.75,NA,1
1407,Medicine,Cat,small,25.12,998.18,7,-0
1408,Accessory,Fish,SMALL,17.98,446.2,6,0
1409,Housing,Fish,large,unlisted,791.34,NA,-0
1410,Equipment,Cat,small,27.75,1024.28,6,0
1411,Equipment,Fish,SMALL,23.15,710.12,4,1
1412,Food,Fish,Small,25.85,737.24,4,-0
1413,Equipment,Dog,Small,33.13,1114.69,5,1
1414,Accessory,Bird,Large,42.99,1420.28,5,0
1415,Equipment,Fish,medium,18.24,517.65,4,1
1416,Equipment,Cat,small,28.01,1030.87,7,1
1417,Equipment,Bird,Large,48,1873.47,3,1
1418,Equipment,Cat,small,27.81,1022.77,5,0
1419,Food,Dog,MEDIUM,31.13,895.97,5,1
1420,Housing,Cat,SMALL,26,829.64,4,1
1421,Toys,Cat,Medium,29.1,1083.16,5,1
1422,Accessory,Dog,LARGE,33.09,1062.99,5,-0
1423,Accessory,Cat,medium,17.93,512.64,6,1
1424,Food,Fish,SMALL,26.53,755.94,2,0
1425,Equipment,Cat,Small,27.9,1027.92,4,1
1426,Equipment,Fish,medium,17.95,507.07,6,1
1427,Equipment,Cat,Medium,23.25,803.69,7,1
1428,Food,Fish,SMALL,25.71,724.38,4,1
1429,Housing,Fish,MEDIUM,16.03,370.02,2,1
1430,Medicine,Cat,medium,19.86,737.46,6,-0
1431,Toys,Fish,SMALL,29.28,982.77,5,1
1432,Accessory,Bird,LARGE,43.04,1417.97,4,-0
1433,Housing,Fish,medium,16.07,370.91,2,1
1434,Equipment,Fish,Small,unlisted,708.15,NA,-0
1435,Medicine,Cat,small,25.35,999.07,6,-0
1436,Medicine,Fish,small,unlisted,674.58,NA,1
1437,Equipment,Dog,small,32.9,1104.94,5,-0
1438,Equipment,Cat,SMALL,27.75,1024.41,7,0
1439,Equipment,Cat,SMALL,27.89,1026.29,6,0
1440,Equipment,Cat,medium,22.75,783.11,4,1
1441,Food,Bird,large,51.06,1853.36,5,0
1442,Medicine,Fish,Medium,15.08,463.93,3,1
1443,Toys,Bird,large,54.07,2255.96,8,1
1444,Toys,Dog,MEDIUM,33.79,1143.62,4,1
1445,Food,Cat,Medium,26,839.11,3,0
1446,Medicine,Bird,MEDIUM,35.07,1207.88,6,0
1447,Housing,Dog,medium,26.09,674.68,1,1
1448,Medicine,Fish,medium,unlisted,456.96,NA,1
1449,Accessory,Bird,large,42.98,1416.93,3,0
1450,Accessory,Fish,small,17.94,443.36,5,-0
1451,Toys,Dog,MEDIUM,33.94,1155.59,3,-0
1452,Equipment,Fish,small,22.92,707.12,6,1
1453,Equipment,Cat,small,28.09,1032.96,8,1
1454,Equipment,Cat,small,28.14,1033.12,5,0
1455,Food,Fish,MEDIUM,21,541.81,1,1
1456,Accessory,Dog,LARGE,33.08,1061.09,8,1
1457,Medicine,Dog,small,29.79,1071.42,6,1
1458,Equipment,Cat,small,27.85,1031.72,4,1
1459,Toys,Cat,SMALL,33.94,1355.68,7,0
1460,Toys,Cat,small,33.78,1339.86,4,1
1461,Equipment,Cat,Small,28.25,1038.91,3,1
1462,Medicine,Bird,medium,35.04,1204.44,4,1
1463,Food,Cat,medium,26.11,835.34,6,1
1464,Accessory,Dog,large,33.09,1060.98,7,-0
1465,Accessory,Bird,medium,33.04,856.44,4,1
1466,Housing,Cat,Medium,21.02,617.82,5,0
1467,Equipment,Cat,Medium,22.98,794.29,5,1
1468,Medicine,Cat,Small,24.91,982.9,6,0
1469,Food,Bird,small,45.96,1468.75,5,-0
1470,Equipment,Fish,small,unlisted,710.47,NA,0
1471,Equipment,Fish,small,23.05,706.21,5,1
1472,Toys,Fish,small,unlisted,976.63,NA,0
1473,Equipment,Fish,Small,22.96,701.39,6,1
1474,Medicine,Dog,small,29.81,1079.33,5,-0
1475,Food,Bird,MEDIUM,41.16,1213.07,3,0
1476,Toys,Cat,medium,29.05,1079.45,7,1
1477,Housing,Bird,large,unlisted,1567.31,NA,1
1478,Housing,Cat,Small,25.78,819.79,5,0
1479,Accessory,Bird,large,42.99,1419.96,4,-0
1480,Housing,Fish,Large,26.01,780.17,3,1
1481,Food,Bird,medium,40.98,1212.22,4,-0
1482,Toys,Cat,Medium,29,1084.78,5,1
1483,Toys,Cat,Small,34.04,1352.33,5,1
1484,Equipment,Cat,SMALL,unlisted,1037.81,NA,1
1485,Equipment,Cat,Small,28.03,1039.06,6,1
1486,Housing,Cat,medium,21.01,615.22,3,1
1487,Toys,Fish,small,29.1,981.97,4,1
1488,Medicine,Fish,Small,19.94,663.56,7,0
1489,Equipment,Fish,small,23.25,713.67,3,1
1490,Accessory,Bird,large,43.05,1427.33,4,0
1491,Medicine,Cat,Medium,20.14,746.16,7,1
1492,Toys,Cat,small,34.23,1365.7,5,-0
1493,Medicine,Cat,SMALL,24.95,993.08,7,1
1494,Housing,Fish,small,21,535.9,3,1
1495,Medicine,Bird,Small,39.96,1478.99,3,0
1496,Food,Bird,medium,40.91,1203.36,5,-0
1497,Equipment,Dog,small,32.89,1099.97,5,0
1498,Food,Fish,Small,25.79,724.02,3,0
1499,Medicine,Fish,small,19.94,658.66,5,1
1500,Food,Cat,Medium,25.95,826.08,4,1
