product_id,product_category,sales,price,vendor_id,pet_size,pet_type,rating,re_buy
5040,Equipment,"$123,000",94.81,VC_1605,small,fish,7,1
4567,Toys,"$61,000",120.95,VC_1132,small,cat,10,0
4237,Toys,"$218,000",106.34,VC_802,small,hamster,6,0
4364,Snack,"$69,000",241.27,VC_929,large,dog,1,1
4184,Supplements,"$138,000",133.68,VC_749,large,dog,10,0
4609,Bedding,"$183,000",51.6,VC_1174,large,cat,10,0
4380,Toys,"$79,000",175.75,VC_945,extra_small,dog,8,0
4389,Bedding,"$205,000",170.01,VC_954,large,cat,9,0
4697,Supplements,"$116,000",178.11,VC_1262,small,cat,10,0
4238,Medicine,"$141,000",248.07,VC_803,medium,dog,10,1
4650,Snack,"$185,000",188.23,VC_1215,extra_small,dog,10,1
4360,Supplements,"$50,000",127.11,VC_925,extra_small,dog,10,0
4588,Housing,"$93,000",211.47,VC_1153,medium,dog,10,1
4319,Food,"$192,000",60.11,VC_884,large,cat,3,0
4613,Supplements,"$186,000",171.6,VC_1178,medium,cat,10,1
4890,Equipment,"$182,000",173.07,VC_1455,small,dog,6,0
4777,Snack,"$229,000",45.23,VC_1342,medium,cat,7,0
4541,Equipment,"$185,000",109.45,VC_1106,extra_large,cat,10,0
4737,Food,"$129,000",153.62,VC_1302,medium,cat,7,0
4341,Food,"$126,000",10.92,VC_906,extra_large,cat,5,1
4478,Housing,"$210,000",195.98,VC_1043,medium,dog,3,1
4179,Clothes,"$93,000",233.23,VC_744,large,cat,3,0
4384,Accessory,"$204,000",134.0,VC_949,large,dog,1,1
4561,Food,"$224,000",108.64,VC_1126,extra_large,cat,10,1
4271,Medicine,"$188,000",22.01,VC_836,extra_large,fish,4,1
4464,Equipment,"$142,000",147.64,VC_1029,large,dog,6,0
4615,Accessory,"$131,000",247.51,VC_1180,extra_small,cat,10,0
4671,Food,"$8,000",233.47,VC_1236,extra_large,cat,10,1
4456,Housing,"$61,000",178.91,VC_1021,extra_large,dog,6,1
4316,Supplements,"$22,000",67.57,VC_881,extra_large,dog,6,1
4756,Medicine,"$170,000",137.53,VC_1321,small,dog,7,0
5025,Equipment,"$172,000",246.68,VC_1590,medium,bird,6,1
4595,Snack,"$117,000",122.46,VC_1160,extra_small,cat,10,0
4575,Clothes,"$74,000",88.15,VC_1140,extra_small,cat,10,1
4891,Snack,"$137,000",235.61,VC_1456,medium,cat,6,0
4513,Medicine,"$42,000",195.61,VC_1078,medium,cat,9,1
4208,Accessory,"$218,000",79.99,VC_773,medium,dog,1,1
5021,Toys,"$196,000",242.18,VC_1586,medium,bird,6,1
4224,Bedding,"$12,000",142.45,VC_789,large,bird,1,1
4938,Equipment,"$162,000",138.68,VC_1503,small,dog,6,0
4551,Snack,"$100,000",128.76,VC_1116,extra_large,cat,10,0
4477,Bedding,"$202,000",84.03,VC_1042,small,cat,6,1
4648,Accessory,"$230,000",19.36,VC_1213,medium,dog,10,0
4506,Food,"$13,000",86.79,VC_1071,extra_large,dog,9,1
4594,Food,"$143,000",11.45,VC_1159,large,dog,10,0
4813,Snack,"$53,000",92.42,VC_1378,medium,cat,2,1
4273,Grooming,"$25,000",69.29,VC_838,medium,hamster,1,0
4945,Snack,"$21,000",192.71,VC_1510,medium,cat,6,0
4913,Toys,"$213,000",174.23,VC_1478,medium,cat,6,0
4640,Equipment,"$21,000",184.7,VC_1205,extra_small,dog,10,1
4427,Grooming,"$101,000",12.27,VC_992,small,cat,2,0
4476,Clothes,"$188,000",76.04,VC_1041,extra_large,dog,9,1
4443,Clothes,"$225,000",221.14,VC_1008,medium,cat,1,1
4451,Food,"$139,000",61.39,VC_1016,extra_large,cat,2,1
4830,Equipment,"$140,000",88.93,VC_1395,small,dog,2,1
4865,Toys,"$223,000",178.88,VC_1430,medium,cat,6,1
5001,Equipment,"$110,000",204.05,VC_1566,medium,bird,6,0
5048,Toys,"$66,000",168.86,VC_1613,small,fish,7,1
4509,Clothes,"$55,000",171.28,VC_1074,large,cat,3,1
4441,Snack,"$15,000",182.39,VC_1006,extra_large,cat,8,1
4857,Equipment,"$25,000",176.25,VC_1422,medium,cat,1,1
4434,Housing,"$170,000",109.8,VC_999,large,dog,2,1
4531,Clothes,"$88,000",80.11,VC_1096,extra_large,cat,7,1
5049,Equipment,"$74,000",178.39,VC_1614,medium,bird,7,1
4818,Equipment,"$30,000",219.69,VC_1383,small,dog,2,1
4258,Housing,"$202,000",183.43,VC_823,medium,rabbit,2,0
4426,Supplements,"$228,000",241.41,VC_991,extra_large,dog,8,0
4599,Housing,"$230,000",75.45,VC_1164,large,cat,10,1
4750,Medicine,"$111,000",100.49,VC_1315,small,dog,7,1
4261,Supplements,"$25,000",114.06,VC_826,extra_large,hamster,1,1
4500,Housing,"$177,000",4.76,VC_1065,extra_small,dog,8,1
4988,Toys,"$65,000",215.31,VC_1553,small,fish,6,0
4482,Grooming,"$210,000",26.68,VC_1047,small,dog,4,1
4565,Bedding,"$85,000",28.46,VC_1130,extra_small,cat,10,1
4284,Grooming,"$202,000",203.22,VC_849,large,bird,4,0
4428,Accessory,"$140,000",86.16,VC_993,medium,dog,8,0
4215,Toys,"$178,000",156.32,VC_780,extra_small,cat,3,1
4216,Medicine,"$151,000",161.34,VC_781,extra_large,rabbit,8,0
4995,Equipment,"$25,000",93.11,VC_1560,medium,bird,6,0
4880,Toys,"$11,000",43.86,VC_1445,small,dog,6,0
4253,Food,"$71,000",216.03,VC_818,medium,fish,6,1
4373,Accessory,"$138,000",239.56,VC_938,medium,cat,5,1
4952,Toys,"$20,000",107.11,VC_1517,small,dog,6,0
4280,Housing,"$64,000",33.62,VC_845,extra_small,dog,7,0
4254,Snack,"$114,000",81.96,VC_819,large,bird,10,0
4682,Supplements,"$143,000",212.55,VC_1247,small,dog,10,1
4525,Supplements,"$115,000",186.03,VC_1090,extra_small,cat,5,0
4191,Bedding,"$160,000",229.12,VC_756,extra_large,cat,6,1
4432,Clothes,"$137,000",107.35,VC_997,small,dog,10,0
4189,Equipment,"$17,000",49.71,VC_754,large,hamster,6,1
4533,Housing,"$35,000",49.91,VC_1098,medium,cat,7,1
4375,Snack,"$117,000",74.19,VC_940,extra_small,cat,1,0
4581,Grooming,"$188,000",118.05,VC_1146,extra_large,cat,10,0
4936,Snack,"$122,000",88.98,VC_1501,small,dog,6,0
4338,Supplements,"$163,000",62.45,VC_903,medium,dog,10,0
4498,Clothes,"$151,000",133.34,VC_1063,medium,dog,4,1
4293,Medicine,"$66,000",20.1,VC_858,medium,cat,8,1
4520,Clothes,"$141,000",3.33,VC_1085,extra_small,dog,4,1
4629,Equipment,"$77,000",181.44,VC_1194,large,cat,10,1
4874,Toys,"$45,000",40.31,VC_1439,small,dog,6,0
4775,Toys,"$172,000",108.1,VC_1340,medium,cat,7,0
4439,Accessory,"$102,000",97.46,VC_1004,large,cat,3,0
4875,Equipment,"$118,000",85.71,VC_1440,medium,cat,6,0
4839,Equipment,"$125,000",162.14,VC_1404,medium,cat,1,1
4556,Toys,"$52,000",201.55,VC_1121,extra_large,dog,10,0
4811,Toys,"$121,000",239.97,VC_1376,medium,cat,2,1
4491,Medicine,"$151,000",26.51,VC_1056,extra_large,cat,5,0
4685,Supplements,"$73,000",251.74,VC_1250,extra_small,cat,10,1
4752,Food,"$116,000",35.14,VC_1317,small,dog,7,0
4991,Toys,"$118,000",6.27,VC_1556,medium,bird,6,0
4923,Equipment,"$22,000",228.45,VC_1488,medium,cat,6,0
4977,Equipment,"$134,000",54.74,VC_1542,medium,bird,6,0
4674,Clothes,"$49,000",211.86,VC_1239,large,dog,10,0
4628,Snack,"$161,000",158.44,VC_1193,medium,dog,10,1
4356,Bedding,"$114,000",163.5,VC_921,extra_large,dog,1,1
4289,Clothes,"$160,000",165.36,VC_854,large,fish,6,0
4696,Medicine,"$155,000",210.08,VC_1261,extra_large,dog,10,0
4863,Equipment,"$75,000",21.83,VC_1428,medium,cat,6,1
4197,Accessory,"$90,000",32.43,VC_762,small,cat,8,1
4220,Food,"$101,000",197.28,VC_785,extra_small,dog,2,1
4577,Housing,"$14,000",132.21,VC_1142,small,cat,10,0
4187,Food,"$6,000",108.34,VC_752,small,fish,5,0
4681,Medicine,"$20,000",98.18,VC_1246,extra_large,cat,10,0
4562,Snack,"$153,000",206.14,VC_1127,small,dog,10,0
4453,Equipment,"$188,000",134.41,VC_1018,medium,cat,5,0
4858,Snack,"$166,000",86.09,VC_1423,small,dog,1,1
4233,Equipment,"$108,000",160.74,VC_798,medium,cat,3,1
5015,Toys,"$59,000",35.06,VC_1580,medium,bird,6,1
4801,Snack,"$175,000",58.82,VC_1366,medium,cat,7,1
4717,Medicine,"$78,000",194.62,VC_1282,medium,cat,10,1
4198,Food,"$87,000",119.5,VC_763,medium,rabbit,9,0
4980,Equipment,"$126,000",38.77,VC_1545,small,fish,6,0
4315,Medicine,"$207,000",139.49,VC_880,extra_small,cat,2,0
4592,Grooming,"$34,000",118.24,VC_1157,small,dog,10,0
4906,Snack,"$86,000",162.23,VC_1471,small,dog,6,0
4837,Snack,"$25,000",14.25,VC_1402,medium,cat,2,1
4922,Toys,"$196,000",221.42,VC_1487,small,dog,6,0
4870,Snack,"$36,000",60.0,VC_1435,small,dog,6,0
4634,Medicine,"$49,000",221.77,VC_1199,large,dog,10,0
4716,Food,"$99,000",58.9,VC_1281,small,dog,10,0
4269,Housing,"$183,000",212.82,VC_834,large,cat,2,0
5004,Equipment,"$116,000",152.91,VC_1569,small,fish,6,0
4954,Snack,"$94,000",3.9,VC_1519,small,dog,6,0
4796,Toys,"$80,000",188.84,VC_1361,small,dog,7,1
4799,Toys,"$184,000",169.29,VC_1364,medium,cat,7,1
4240,Grooming,"$180,000",192.28,VC_805,extra_small,rabbit,8,0
4937,Toys,"$75,000",111.54,VC_1502,medium,cat,6,0
4981,Snack,"$150,000",215.55,VC_1546,medium,bird,6,0
4790,Toys,"$79,000",159.13,VC_1355,small,dog,7,0
4181,Housing,"$44,000",40.91,VC_746,extra_large,fish,8,1
4259,Toys,"$97,000",96.77,VC_824,large,fish,8,0
5047,Snack,"$94,000",158.64,VC_1612,medium,bird,7,1
4377,Clothes,"$66,000",218.61,VC_942,small,cat,8,1
4537,Grooming,"$61,000",23.7,VC_1102,small,cat,6,0
4624,Supplements,"$70,000",57.16,VC_1189,large,dog,10,0
4951,Snack,"$190,000",124.53,VC_1516,medium,cat,6,0
4774,Snack,"$181,000",52.53,VC_1339,small,dog,7,0
4411,Bedding,"$162,000",33.44,VC_976,extra_large,cat,2,1
4953,Equipment,"$46,000",21.92,VC_1518,medium,cat,6,0
4431,Equipment,"$108,000",175.82,VC_996,extra_large,cat,4,1
4394,Grooming,"$21,000",47.32,VC_959,large,dog,6,1
4765,Medicine,"$149,000",163.66,VC_1330,medium,cat,7,1
4447,Medicine,"$184,000",79.34,VC_1012,small,cat,5,0
4335,Housing,"$153,000",95.52,VC_900,extra_small,cat,4,0
4895,Toys,"$140,000",51.18,VC_1460,medium,cat,6,0
4655,Toys,"$47,000",57.43,VC_1220,extra_small,cat,10,0
4557,Medicine,"$46,000",184.82,VC_1122,small,cat,10,0
4963,Snack,"$129,000",157.16,VC_1528,medium,bird,6,0
4871,Toys,"$42,000",56.95,VC_1436,medium,cat,6,0
4244,Equipment,"$31,000",187.66,VC_809,large,dog,6,1
4419,Snack,"$64,000",224.73,VC_984,large,cat,5,1
4606,Snack,"$20,000",214.04,VC_1171,extra_large,dog,10,0
4975,Snack,"$191,000",125.15,VC_1540,medium,bird,6,0
5033,Toys,"$79,000",86.58,VC_1598,medium,bird,6,1
4358,Toys,"$3,000",232.93,VC_923,medium,dog,6,0
4788,Equipment,"$98,000",27.08,VC_1353,small,dog,7,1
4698,Food,"$130,000",33.72,VC_1263,medium,dog,10,1
4266,Equipment,"$224,000",241.46,VC_831,extra_large,bird,5,0
4792,Snack,"$217,000",20.97,VC_1357,small,dog,7,0
4503,Supplements,"$139,000",134.84,VC_1068,medium,cat,4,1
4201,Clothes,"$121,000",237.69,VC_766,extra_large,hamster,5,1
4679,Supplements,"$203,000",249.64,VC_1244,large,cat,10,1
4998,Equipment,"$200,000",146.67,VC_1563,small,fish,6,0
4855,Snack,"$151,000",165.33,VC_1420,medium,cat,1,1
5029,Snack,"$181,000",105.1,VC_1594,medium,bird,6,1
4759,Medicine,"$72,000",1.3,VC_1324,medium,cat,7,0
4602,Supplements,"$142,000",61.39,VC_1167,small,dog,10,1
4663,Clothes,"$224,000",43.9,VC_1228,medium,cat,10,1
4270,Toys,"$80,000",126.19,VC_835,extra_small,rabbit,5,0
4260,Medicine,"$79,000",111.9,VC_825,extra_small,bird,4,0
4242,Food,"$142,000",14.42,VC_807,small,bird,3,1
4639,Snack,"$178,000",24.09,VC_1204,large,cat,10,1
4515,Grooming,"$87,000",211.22,VC_1080,extra_small,cat,4,0
4538,Accessory,"$50,000",40.79,VC_1103,medium,dog,4,1
4173,Supplements,"$79,000",117.96,VC_738,medium,cat,1,0
4363,Food,"$3,000",148.45,VC_928,medium,cat,7,0
4744,Medicine,"$56,000",24.27,VC_1309,small,dog,7,1
4766,Toys,"$191,000",246.35,VC_1331,small,dog,7,1
4410,Clothes,"$195,000",22.11,VC_975,extra_small,dog,7,0
4217,Supplements,"$177,000",36.11,VC_782,small,fish,6,1
4182,Toys,"$70,000",50.4,VC_747,small,bird,6,0
4255,Equipment,"$56,000",13.66,VC_820,extra_small,hamster,8,0
4877,Toys,"$194,000",46.92,VC_1442,medium,cat,6,0
4570,Grooming,"$181,000",134.95,VC_1135,extra_small,dog,10,0
4898,Toys,"$129,000",222.01,VC_1463,small,dog,6,0
4178,Equipment,"$120,000",89.65,VC_743,medium,dog,4,1
4298,Snack,"$211,000",221.49,VC_863,medium,dog,9,0
4778,Toys,"$103,000",49.54,VC_1343,small,dog,7,0
4793,Toys,"$26,000",14.81,VC_1358,medium,cat,7,1
4474,Snack,"$176,000",62.48,VC_1039,large,dog,7,0
4916,Toys,"$96,000",64.99,VC_1481,small,dog,6,0
5036,Toys,"$200,000",195.34,VC_1601,small,fish,7,1
4511,Housing,"$31,000",10.65,VC_1076,extra_large,cat,2,0
4647,Grooming,"$22,000",121.5,VC_1212,small,cat,10,1
4514,Supplements,"$120,000",31.86,VC_1079,large,dog,8,0
4526,Grooming,"$115,000",135.59,VC_1091,extra_large,dog,6,1
4190,Clothes,"$57,000",59.1,VC_755,extra_small,dog,2,0
4469,Medicine,"$88,000",48.04,VC_1034,large,cat,1,0
4542,Clothes,"$223,000",245.52,VC_1107,small,dog,10,0
4452,Snack,"$138,000",36.17,VC_1017,small,dog,3,1
4268,Bedding,"$163,000",162.28,VC_833,medium,dog,9,1
4413,Toys,"$18,000",129.02,VC_978,medium,cat,9,0
4307,Accessory,"$184,000",238.16,VC_872,small,fish,8,0
4986,Equipment,"$228,000",227.18,VC_1551,small,fish,6,0
4361,Grooming,"$203,000",53.98,VC_926,extra_large,cat,7,0
4738,Medicine,"$41,000",96.08,VC_1303,small,dog,7,0
5032,Snack,"$132,000",67.91,VC_1597,small,fish,6,1
4727,Supplements,"$146,000",154.0,VC_1292,medium,cat,10,1
4767,Equipment,"$154,000",226.78,VC_1332,medium,cat,7,0
4213,Bedding,"$221,000",84.18,VC_778,medium,hamster,9,0
4763,Supplements,"$88,000",129.52,VC_1328,medium,cat,7,0
4211,Equipment,"$27,000",201.15,VC_776,extra_large,fish,10,1
4688,Supplements,"$141,000",207.96,VC_1253,medium,dog,10,1
4194,Medicine,"$103,000",167.22,VC_759,large,bird,1,1
4848,Equipment,"$145,000",168.19,VC_1413,small,dog,1,1
4516,Accessory,"$16,000",97.44,VC_1081,extra_large,dog,6,0
4812,Equipment,"$49,000",244.41,VC_1377,small,dog,2,1
4576,Bedding,"$188,000",77.54,VC_1141,extra_large,dog,10,0
4713,Food,"$49,000",110.76,VC_1278,medium,cat,10,1
4310,Equipment,"$105,000",51.28,VC_875,extra_small,dog,9,1
4885,Snack,"$116,000",55.9,VC_1450,medium,cat,6,0
4192,Housing,"$83,000",142.69,VC_757,small,rabbit,1,0
4275,Food,"$25,000",158.76,VC_840,extra_small,cat,4,1
4807,Snack,"$76,000",188.07,VC_1372,medium,cat,2,1
4248,Toys,"$18,000",198.03,VC_813,medium,bird,1,1
4429,Food,"$180,000",192.24,VC_994,large,cat,10,0
4810,Snack,"$102,000",169.99,VC_1375,small,dog,2,1
4904,Toys,"$41,000",173.58,VC_1469,small,dog,6,0
4806,Equipment,"$147,000",215.74,VC_1371,small,dog,2,1
4527,Accessory,"$82,000",14.9,VC_1092,small,cat,9,0
4680,Food,"$52,000",176.49,VC_1245,extra_small,dog,10,0
4408,Snack,"$143,000",109.55,VC_973,medium,dog,5,0
4305,Supplements,"$102,000",106.54,VC_870,extra_small,cat,1,0
4302,Housing,"$27,000",222.26,VC_867,small,bird,9,1
4328,Grooming,"$109,000",71.42,VC_893,medium,dog,4,0
4882,Snack,"$49,000",168.47,VC_1447,small,dog,6,0
4911,Equipment,"$61,000",26.95,VC_1476,medium,cat,6,0
4771,Snack,"$93,000",24.43,VC_1336,medium,cat,7,0
4961,Toys,"$62,000",41.34,VC_1526,medium,bird,6,0
4761,Food,"$111,000",143.0,VC_1326,medium,cat,7,0
4611,Toys,"$94,000",194.74,VC_1176,extra_large,cat,10,1
4369,Toys,"$127,000",163.4,VC_934,large,cat,8,0
5043,Equipment,"$214,000",241.37,VC_1608,medium,bird,7,1
4354,Equipment,"$212,000",107.16,VC_919,large,dog,7,0
5031,Equipment,"$42,000",94.47,VC_1596,medium,bird,6,1
4342,Snack,"$179,000",149.16,VC_907,small,dog,5,1
4528,Food,"$126,000",81.68,VC_1093,medium,dog,7,0
4370,Medicine,"$147,000",85.6,VC_935,extra_small,dog,1,1
4684,Medicine,"$87,000",73.96,VC_1249,large,dog,10,0
4710,Food,"$41,000",97.82,VC_1275,small,dog,10,1
4944,Equipment,"$3,000",174.51,VC_1509,small,dog,6,0
4433,Bedding,"$92,000",136.06,VC_998,medium,cat,1,0
4856,Toys,"$79,000",143.66,VC_1421,small,dog,1,1
4300,Clothes,"$116,000",239.97,VC_865,extra_small,rabbit,8,1
4899,Equipment,"$184,000",29.37,VC_1464,medium,cat,6,0
4934,Toys,"$164,000",215.2,VC_1499,small,dog,6,0
4287,Snack,"$130,000",168.31,VC_852,small,cat,3,1
4492,Supplements,"$10,000",163.7,VC_1057,small,dog,7,1
4919,Toys,"$16,000",71.27,VC_1484,medium,cat,6,0
4962,Equipment,"$134,000",26.47,VC_1527,small,fish,6,0
4768,Snack,"$68,000",130.47,VC_1333,small,dog,7,1
4329,Accessory,"$143,000",48.4,VC_894,large,cat,6,1
5045,Toys,"$117,000",210.07,VC_1610,medium,bird,7,1
5017,Snack,"$146,000",20.15,VC_1582,medium,bird,6,1
4935,Equipment,"$19,000",65.51,VC_1500,medium,cat,6,0
4721,Supplements,"$145,000",20.64,VC_1286,medium,cat,10,0
4502,Medicine,"$135,000",107.02,VC_1067,small,dog,1,1
4493,Grooming,"$147,000",180.31,VC_1058,medium,cat,8,0
4461,Accessory,"$47,000",5.89,VC_1026,extra_large,cat,2,0
4331,Snack,"$92,000",161.04,VC_896,extra_large,cat,2,0
4379,Housing,"$25,000",234.35,VC_944,large,cat,6,0
4558,Supplements,"$57,000",78.91,VC_1123,medium,dog,10,0
4582,Accessory,"$101,000",107.67,VC_1147,small,dog,10,0
4711,Medicine,"$195,000",12.54,VC_1276,medium,cat,10,0
4518,Snack,"$61,000",16.17,VC_1083,medium,dog,9,1
4743,Food,"$63,000",3.96,VC_1308,medium,cat,7,0
4677,Toys,"$83,000",170.88,VC_1242,small,cat,10,1
4276,Snack,"$80,000",170.76,VC_841,extra_large,rabbit,9,1
4745,Supplements,"$197,000",41.51,VC_1310,medium,cat,7,0
4278,Clothes,"$164,000",181.1,VC_843,medium,bird,6,0
4762,Medicine,"$162,000",216.06,VC_1327,small,dog,7,1
4654,Housing,"$211,000",161.38,VC_1219,large,dog,10,1
4617,Snack,"$204,000",160.41,VC_1182,small,cat,10,0
4694,Supplements,"$13,000",69.65,VC_1259,large,dog,10,1
4626,Accessory,"$177,000",230.37,VC_1191,extra_large,dog,10,1
4636,Grooming,"$116,000",228.29,VC_1201,extra_large,dog,10,1
4508,Equipment,"$70,000",162.11,VC_1073,medium,dog,8,0
4769,Toys,"$18,000",163.76,VC_1334,medium,cat,7,1
4619,Clothes,"$195,000",134.6,VC_1184,large,cat,10,0
4444,Bedding,"$102,000",160.82,VC_1009,large,dog,6,1
4754,Supplements,"$202,000",83.02,VC_1319,small,dog,7,0
4740,Food,"$116,000",247.12,VC_1305,small,dog,7,0
4314,Toys,"$9,000",114.96,VC_879,large,dog,6,0
4753,Medicine,"$149,000",183.85,VC_1318,medium,cat,7,1
4483,Accessory,"$137,000",46.06,VC_1048,medium,cat,6,1
4206,Supplements,"$174,000",163.97,VC_771,extra_large,bird,3,1
4543,Bedding,"$101,000",72.08,VC_1108,medium,cat,10,1
4574,Equipment,"$200,000",125.37,VC_1139,large,dog,10,1
4468,Toys,"$52,000",247.83,VC_1033,medium,dog,7,1
4700,Supplements,"$217,000",46.22,VC_1265,extra_small,dog,10,1
4819,Snack,"$181,000",28.9,VC_1384,medium,cat,2,1
4396,Food,"$222,000",222.51,VC_961,extra_large,dog,8,1
4915,Snack,"$163,000",139.33,VC_1480,medium,cat,6,0
4809,Equipment,"$202,000",74.85,VC_1374,medium,cat,2,1
4309,Snack,"$59,000",110.21,VC_874,large,hamster,10,1
4933,Snack,"$49,000",211.32,VC_1498,medium,cat,6,0
4976,Toys,"$141,000",166.01,VC_1541,small,fish,6,0
4646,Supplements,"$26,000",106.24,VC_1211,extra_large,dog,10,0
4485,Snack,"$16,000",21.92,VC_1050,extra_small,cat,2,0
4803,Equipment,"$226,000",244.13,VC_1368,medium,cat,7,1
4409,Equipment,"$209,000",103.96,VC_974,large,cat,1,1
4454,Clothes,"$42,000",192.57,VC_1019,large,dog,9,1
4603,Grooming,"$100,000",51.34,VC_1168,medium,cat,10,1
4301,Bedding,"$93,000",148.93,VC_866,extra_large,fish,7,0
4735,Medicine,"$205,000",240.07,VC_1300,medium,cat,7,0
4838,Toys,"$105,000",121.1,VC_1403,small,dog,2,1
4894,Snack,"$161,000",238.07,VC_1459,small,dog,6,0
4590,Medicine,"$113,000",118.96,VC_1155,extra_small,dog,10,1
4959,Equipment,"$144,000",155.87,VC_1524,medium,bird,6,0
4932,Equipment,"$213,000",4.03,VC_1497,small,dog,6,0
4814,Toys,"$86,000",164.54,VC_1379,small,dog,2,1
4416,Grooming,"$124,000",128.41,VC_981,extra_large,dog,5,0
4288,Equipment,"$86,000",177.48,VC_853,medium,rabbit,8,1
4174,Grooming,"$211,000",104.27,VC_739,large,rabbit,4,1
4888,Snack,"$142,000",91.05,VC_1453,small,dog,6,0
4645,Medicine,"$201,000",105.38,VC_1210,extra_small,cat,10,0
5035,Snack,"$198,000",94.29,VC_1600,medium,bird,7,1
4435,Toys,"$34,000",89.12,VC_1000,extra_small,cat,4,0
4374,Food,"$132,000",162.38,VC_939,large,dog,8,0
4463,Snack,"$18,000",65.43,VC_1028,medium,cat,1,0
4230,Accessory,"$151,000",183.92,VC_795,extra_small,bird,4,0
4726,Medicine,"$171,000",49.11,VC_1291,small,dog,10,1
4593,Accessory,"$179,000",81.48,VC_1158,medium,cat,10,0
4177,Snack,"$71,000",166.09,VC_742,small,hamster,9,0
4334,Bedding,"$187,000",233.28,VC_899,large,dog,3,1
5023,Snack,"$160,000",206.34,VC_1588,medium,bird,6,1
4638,Food,"$148,000",63.67,VC_1203,medium,dog,10,0
4845,Equipment,"$109,000",121.07,VC_1410,medium,cat,1,1
4442,Equipment,"$150,000",109.68,VC_1007,small,dog,4,0
4292,Toys,"$111,000",212.37,VC_857,small,dog,3,0
5044,Snack,"$144,000",201.94,VC_1609,small,fish,7,1
4227,Medicine,"$81,000",189.25,VC_792,small,cat,7,0
4861,Snack,"$65,000",15.82,VC_1426,medium,cat,1,1
4926,Equipment,"$31,000",244.34,VC_1491,small,dog,6,0
4786,Snack,"$149,000",88.15,VC_1351,small,dog,7,1
4521,Bedding,"$11,000",140.61,VC_1086,extra_large,cat,6,0
4931,Toys,"$226,000",25.8,VC_1496,medium,cat,6,0
4823,Toys,"$90,000",102.88,VC_1388,medium,cat,2,1
4723,Medicine,"$229,000",62.65,VC_1288,medium,cat,10,0
4827,Equipment,"$207,000",122.51,VC_1392,medium,cat,2,1
4950,Equipment,"$117,000",214.12,VC_1515,small,dog,6,0
4705,Medicine,"$99,000",78.18,VC_1270,extra_small,cat,10,0
4851,Equipment,"$63,000",51.36,VC_1416,medium,cat,1,1
4984,Snack,"$63,000",121.94,VC_1549,small,fish,6,0
4967,Toys,"$31,000",239.06,VC_1532,medium,bird,6,0
4673,Equipment,"$77,000",105.39,VC_1238,medium,cat,10,1
4185,Grooming,"$109,000",82.81,VC_750,extra_small,cat,3,1
4627,Food,"$230,000",211.91,VC_1192,small,cat,10,0
4348,Medicine,"$123,000",2.09,VC_913,medium,dog,1,0
4222,Equipment,"$173,000",159.02,VC_787,small,rabbit,10,1
4290,Bedding,"$72,000",168.6,VC_855,extra_small,bird,1,0
4849,Snack,"$161,000",167.62,VC_1414,medium,cat,1,1
4530,Equipment,"$139,000",154.04,VC_1095,extra_small,dog,3,1
4960,Snack,"$136,000",220.42,VC_1525,small,fish,6,0
4779,Equipment,"$172,000",21.75,VC_1344,medium,cat,7,0
4264,Food,"$172,000",37.66,VC_829,large,rabbit,6,0
4941,Equipment,"$65,000",231.96,VC_1506,medium,cat,6,0
4450,Accessory,"$81,000",57.97,VC_1015,extra_small,dog,2,1
4702,Medicine,"$142,000",51.58,VC_1267,small,dog,10,1
4580,Supplements,"$198,000",182.83,VC_1145,extra_small,dog,10,0
4522,Housing,"$193,000",18.12,VC_1087,small,dog,9,1
4235,Bedding,"$180,000",52.38,VC_800,extra_small,fish,10,0
4391,Toys,"$95,000",232.47,VC_956,extra_large,cat,5,1
4670,Accessory,"$78,000",109.92,VC_1235,extra_small,dog,10,1
4914,Equipment,"$145,000",114.35,VC_1479,small,dog,6,0
4597,Clothes,"$4,000",197.83,VC_1162,small,cat,10,0
4826,Toys,"$162,000",90.84,VC_1391,small,dog,2,1
4327,Supplements,"$4,000",46.49,VC_892,small,cat,9,1
4844,Toys,"$173,000",120.32,VC_1409,small,dog,1,1
4741,Medicine,"$3,000",155.14,VC_1306,medium,cat,7,0
4401,Housing,"$100,000",232.61,VC_966,extra_large,cat,9,0
4228,Supplements,"$67,000",148.32,VC_793,medium,rabbit,1,0
4568,Medicine,"$151,000",32.23,VC_1133,medium,dog,10,0
4868,Toys,"$73,000",170.5,VC_1433,small,dog,6,0
4448,Supplements,"$218,000",188.21,VC_1013,medium,dog,10,0
4587,Bedding,"$202,000",13.29,VC_1152,small,cat,10,1
4405,Grooming,"$106,000",177.93,VC_970,extra_small,cat,2,1
4475,Equipment,"$201,000",78.13,VC_1040,extra_small,cat,5,1
4385,Food,"$115,000",195.12,VC_950,extra_small,cat,9,1
4382,Supplements,"$25,000",185.08,VC_947,small,dog,9,0
4318,Accessory,"$36,000",40.92,VC_883,medium,dog,7,1
4678,Medicine,"$131,000",98.89,VC_1243,medium,dog,10,1
4652,Clothes,"$214,000",96.99,VC_1217,small,dog,10,0
4860,Equipment,"$191,000",17.46,VC_1425,small,dog,1,1
4821,Equipment,"$144,000",241.08,VC_1386,medium,cat,2,1
4175,Accessory,"$83,000",31.93,VC_740,extra_small,fish,7,0
4195,Supplements,"$211,000",229.29,VC_760,extra_small,hamster,5,1
4732,Medicine,"$39,000",194.4,VC_1297,small,dog,7,0
4725,Food,"$195,000",243.01,VC_1290,medium,cat,10,1
4921,Snack,"$12,000",205.49,VC_1486,medium,cat,6,0
4707,Food,"$38,000",87.8,VC_1272,medium,cat,10,0
4412,Housing,"$13,000",99.66,VC_977,small,dog,1,0
4946,Toys,"$47,000",192.65,VC_1511,small,dog,6,0
4760,Supplements,"$71,000",150.16,VC_1325,small,dog,7,0
4794,Equipment,"$96,000",47.85,VC_1359,small,dog,7,1
4795,Snack,"$16,000",5.85,VC_1360,medium,cat,7,1
4820,Toys,"$132,000",214.28,VC_1385,small,dog,2,1
4929,Equipment,"$128,000",58.25,VC_1494,medium,cat,6,0
4353,Snack,"$39,000",43.15,VC_918,medium,cat,3,1
4225,Housing,"$163,000",199.21,VC_790,extra_small,hamster,3,0
4782,Equipment,"$117,000",213.95,VC_1347,small,dog,7,0
4545,Toys,"$202,000",50.93,VC_1110,extra_small,cat,10,0
4797,Equipment,"$189,000",24.1,VC_1362,medium,cat,7,1
4610,Housing,"$119,000",252.32,VC_1175,extra_small,dog,10,0
4550,Food,"$15,000",146.7,VC_1115,extra_small,dog,10,0
4661,Snack,"$104,000",16.85,VC_1226,extra_large,cat,10,1
4720,Medicine,"$19,000",206.88,VC_1285,small,dog,10,0
4653,Bedding,"$223,000",133.84,VC_1218,medium,cat,10,1
4362,Accessory,"$229,000",168.49,VC_927,small,dog,2,1
5018,Toys,"$148,000",130.21,VC_1583,small,fish,6,1
4616,Food,"$113,000",73.66,VC_1181,extra_large,dog,10,1
4188,Snack,"$61,000",147.94,VC_753,medium,bird,7,1
4490,Toys,"$204,000",48.07,VC_1055,extra_small,dog,3,0
4729,Medicine,"$123,000",251.73,VC_1294,medium,cat,10,0
4630,Clothes,"$92,000",252.69,VC_1195,extra_small,dog,10,0
4649,Food,"$3,000",61.32,VC_1214,large,cat,10,1
4176,Food,"$42,000",119.34,VC_741,extra_large,bird,1,0
4231,Food,"$211,000",121.16,VC_796,extra_large,hamster,5,0
4846,Snack,"$5,000",58.9,VC_1411,small,dog,1,1
4317,Grooming,"$75,000",151.28,VC_882,small,cat,8,0
4618,Equipment,"$185,000",35.1,VC_1183,medium,dog,10,0
4333,Clothes,"$40,000",127.49,VC_898,medium,cat,10,1
4831,Snack,"$30,000",212.19,VC_1396,medium,cat,2,1
4285,Accessory,"$167,000",165.92,VC_850,extra_small,hamster,2,0
4730,Supplements,"$130,000",159.25,VC_1295,small,dog,7,0
4662,Equipment,"$148,000",160.85,VC_1227,small,dog,10,1
4709,Supplements,"$152,000",99.05,VC_1274,medium,cat,10,0
4547,Supplements,"$25,000",144.56,VC_1112,small,cat,10,1
4489,Housing,"$36,000",5.24,VC_1054,large,cat,9,1
5003,Toys,"$109,000",167.47,VC_1568,medium,bird,6,0
5042,Toys,"$176,000",118.42,VC_1607,small,fish,7,1
4323,Bedding,"$132,000",176.59,VC_888,medium,cat,1,0
4236,Housing,"$193,000",198.15,VC_801,extra_large,bird,7,0
4571,Accessory,"$201,000",118.44,VC_1136,extra_large,cat,10,1
4897,Snack,"$197,000",59.22,VC_1462,medium,cat,6,0
4864,Snack,"$83,000",163.72,VC_1429,small,dog,6,1
4534,Toys,"$99,000",196.82,VC_1099,large,dog,10,1
4406,Accessory,"$200,000",128.47,VC_971,extra_large,dog,6,0
4239,Supplements,"$93,000",233.42,VC_804,large,cat,3,1
4585,Equipment,"$107,000",84.67,VC_1150,extra_small,cat,10,1
4583,Food,"$228,000",22.16,VC_1148,medium,cat,10,1
5039,Toys,"$29,000",66.88,VC_1604,medium,bird,7,1
4770,Equipment,"$92,000",25.0,VC_1335,small,dog,7,1
4755,Food,"$157,000",2.35,VC_1320,medium,cat,7,1
4958,Toys,"$121,000",41.04,VC_1523,small,fish,6,0
4279,Bedding,"$13,000",91.08,VC_844,large,hamster,1,1
4676,Housing,"$205,000",126.13,VC_1241,extra_large,dog,10,0
4563,Equipment,"$25,000",154.3,VC_1128,medium,cat,10,0
4312,Bedding,"$171,000",166.78,VC_877,small,dog,7,1
4947,Equipment,"$95,000",107.68,VC_1512,medium,cat,6,0
4596,Equipment,"$65,000",180.83,VC_1161,extra_large,dog,10,1
4512,Toys,"$219,000",95.55,VC_1077,small,dog,1,0
4869,Equipment,"$77,000",199.65,VC_1434,medium,cat,6,0
4519,Equipment,"$166,000",11.15,VC_1084,large,cat,8,0
4420,Equipment,"$95,000",22.68,VC_985,extra_small,dog,2,1
4966,Snack,"$137,000",70.95,VC_1531,small,fish,6,0
4942,Snack,"$22,000",19.36,VC_1507,small,dog,6,0
4687,Medicine,"$136,000",199.26,VC_1252,small,cat,10,1
4555,Housing,"$26,000",148.46,VC_1120,extra_small,cat,10,0
4902,Equipment,"$70,000",27.3,VC_1467,small,dog,6,0
4623,Medicine,"$74,000",115.92,VC_1188,medium,cat,10,1
4232,Snack,"$208,000",193.3,VC_797,small,dog,3,1
4303,Toys,"$63,000",103.61,VC_868,medium,hamster,10,0
4296,Accessory,"$221,000",234.65,VC_861,extra_large,bird,8,1
4940,Toys,"$219,000",169.73,VC_1505,small,dog,6,0
4828,Snack,"$34,000",19.23,VC_1393,small,dog,2,1
4887,Equipment,"$80,000",205.92,VC_1452,medium,cat,6,0
4400,Bedding,"$129,000",56.48,VC_965,extra_small,dog,8,1
4494,Accessory,"$169,000",205.69,VC_1059,large,dog,7,1
4204,Toys,"$182,000",158.72,VC_769,large,rabbit,4,1
4283,Supplements,"$14,000",208.87,VC_848,medium,fish,9,0
4387,Equipment,"$122,000",117.2,VC_952,small,cat,9,1
4486,Equipment,"$195,000",177.88,VC_1051,extra_large,dog,8,0
4600,Toys,"$17,000",173.36,VC_1165,extra_small,dog,10,0
4873,Snack,"$224,000",221.51,VC_1438,medium,cat,6,0
4965,Equipment,"$10,000",104.23,VC_1530,medium,bird,6,0
4712,Supplements,"$157,000",216.32,VC_1277,small,dog,10,0
4983,Equipment,"$180,000",109.93,VC_1548,medium,bird,6,0
4199,Snack,"$31,000",61.32,VC_764,large,fish,9,1
4218,Grooming,"$152,000",14.96,VC_783,medium,bird,3,0
4632,Housing,"$9,000",215.15,VC_1197,small,dog,10,0
5007,Equipment,"$77,000",129.38,VC_1572,medium,bird,6,0
4414,Medicine,"$206,000",52.82,VC_979,large,dog,3,0
4836,Equipment,"$217,000",242.85,VC_1401,small,dog,2,1
4872,Equipment,"$83,000",170.26,VC_1437,small,dog,6,0
4683,Food,"$177,000",218.48,VC_1248,medium,cat,10,1
5012,Toys,"$150,000",146.86,VC_1577,small,fish,6,0
4693,Medicine,"$175,000",241.25,VC_1258,medium,cat,10,1
4660,Food,"$18,000",137.96,VC_1225,extra_small,dog,10,1
4668,Supplements,"$214,000",23.5,VC_1233,medium,dog,10,0
4203,Housing,"$194,000",103.7,VC_768,medium,cat,9,1
4504,Grooming,"$96,000",78.78,VC_1069,large,dog,6,0
4970,Toys,"$175,000",14.69,VC_1535,small,fish,6,0
4539,Food,"$12,000",97.2,VC_1104,large,cat,9,0
4910,Toys,"$40,000",245.71,VC_1475,small,dog,6,0
4282,Medicine,"$114,000",45.85,VC_847,small,rabbit,5,0
4371,Supplements,"$68,000",239.45,VC_936,extra_large,cat,10,0
4728,Food,"$37,000",148.64,VC_1293,small,dog,10,1
4825,Snack,"$23,000",189.28,VC_1390,medium,cat,2,1
4719,Food,"$85,000",206.64,VC_1284,medium,cat,10,0
4496,Snack,"$99,000",200.0,VC_1061,extra_large,dog,10,1
4990,Snack,"$221,000",178.19,VC_1555,small,fish,6,0
4339,Grooming,"$221,000",145.4,VC_904,large,cat,1,1
4622,Toys,"$21,000",247.16,VC_1187,small,dog,10,0
4437,Supplements,"$127,000",120.73,VC_1002,small,cat,6,1
4881,Equipment,"$20,000",148.73,VC_1446,medium,cat,6,0
4829,Toys,"$177,000",69.61,VC_1394,medium,cat,2,1
4245,Clothes,"$31,000",21.45,VC_810,extra_small,cat,6,0
4337,Medicine,"$188,000",245.49,VC_902,small,cat,4,1
5008,Snack,"$127,000",2.28,VC_1573,small,fish,6,0
4326,Medicine,"$5,000",203.87,VC_891,extra_large,dog,3,1
4742,Supplements,"$183,000",169.44,VC_1307,small,dog,7,0
5028,Equipment,"$8,000",208.31,VC_1593,small,fish,6,1
4200,Equipment,"$151,000",65.79,VC_765,extra_small,bird,1,1
4987,Snack,"$222,000",18.36,VC_1552,medium,bird,6,0
4466,Bedding,"$87,000",46.98,VC_1031,extra_large,dog,1,1
4724,Supplements,"$222,000",164.45,VC_1289,small,dog,10,0
4535,Medicine,"$176,000",218.72,VC_1100,extra_small,cat,10,1
4789,Snack,"$181,000",237.13,VC_1354,medium,cat,7,0
4281,Toys,"$29,000",16.99,VC_846,extra_large,cat,9,0
4817,Toys,"$40,000",180.57,VC_1382,medium,cat,2,1
4852,Snack,"$30,000",14.53,VC_1417,small,dog,1,1
5000,Toys,"$103,000",98.28,VC_1565,small,fish,6,0
5030,Toys,"$133,000",8.84,VC_1595,small,fish,6,1
4714,Medicine,"$120,000",231.43,VC_1279,small,dog,10,1
4883,Toys,"$167,000",252.55,VC_1448,medium,cat,6,0
4748,Supplements,"$100,000",27.88,VC_1313,small,dog,7,0
4183,Medicine,"$19,000",162.58,VC_748,medium,hamster,2,1
4955,Toys,"$84,000",146.52,VC_1520,medium,cat,6,0
4351,Accessory,"$52,000",103.25,VC_916,extra_large,cat,5,0
4787,Toys,"$10,000",165.49,VC_1352,medium,cat,7,1
4214,Housing,"$172,000",86.27,VC_779,large,dog,6,0
4614,Grooming,"$185,000",128.15,VC_1179,large,dog,10,1
4457,Toys,"$91,000",165.14,VC_1022,small,cat,8,1
5020,Snack,"$226,000",219.18,VC_1585,small,fish,6,1
4286,Food,"$211,000",187.85,VC_851,extra_large,dog,6,0
4884,Equipment,"$44,000",100.04,VC_1449,small,dog,6,0
4544,Housing,"$77,000",44.52,VC_1109,large,dog,10,0
4421,Clothes,"$198,000",65.57,VC_986,extra_large,cat,9,0
4822,Snack,"$135,000",179.62,VC_1387,small,dog,2,1
4219,Accessory,"$171,000",123.85,VC_784,large,hamster,8,0
4731,Food,"$213,000",36.31,VC_1296,medium,cat,7,1
4481,Supplements,"$56,000",192.53,VC_1046,extra_large,cat,8,1
4879,Snack,"$74,000",156.81,VC_1444,medium,cat,6,0
4757,Supplements,"$12,000",105.36,VC_1322,medium,cat,7,1
5014,Snack,"$111,000",28.85,VC_1579,small,fish,6,1
4708,Medicine,"$185,000",207.39,VC_1273,small,dog,10,1
4607,Equipment,"$177,000",121.06,VC_1172,small,cat,10,1
4446,Toys,"$96,000",5.98,VC_1011,extra_large,dog,9,0
4246,Bedding,"$156,000",115.82,VC_811,extra_large,rabbit,10,0
4368,Housing,"$110,000",25.77,VC_933,medium,dog,3,0
4566,Housing,"$127,000",130.21,VC_1131,extra_large,dog,10,0
4321,Equipment,"$227,000",105.35,VC_886,extra_large,cat,5,0
4665,Housing,"$38,000",93.38,VC_1230,extra_small,cat,10,1
4398,Equipment,"$187,000",123.36,VC_963,medium,dog,1,1
4971,Equipment,"$48,000",185.96,VC_1536,medium,bird,6,0
4604,Accessory,"$193,000",125.79,VC_1169,large,dog,10,0
4939,Snack,"$143,000",16.0,VC_1504,medium,cat,6,0
4964,Toys,"$56,000",219.87,VC_1529,small,fish,6,0
4546,Medicine,"$112,000",207.45,VC_1111,extra_large,dog,10,1
4501,Toys,"$21,000",93.28,VC_1066,extra_large,cat,4,1
4791,Equipment,"$82,000",192.28,VC_1356,medium,cat,7,1
4772,Toys,"$57,000",171.95,VC_1337,small,dog,7,1
4540,Snack,"$177,000",8.97,VC_1105,extra_small,dog,10,1
4372,Grooming,"$227,000",6.24,VC_937,small,dog,9,0
4349,Supplements,"$189,000",120.24,VC_914,large,cat,5,0
4256,Clothes,"$46,000",38.95,VC_821,extra_large,dog,8,1
4691,Supplements,"$44,000",241.92,VC_1256,extra_large,cat,10,0
4866,Equipment,"$99,000",230.82,VC_1431,small,dog,6,1
4892,Toys,"$224,000",17.16,VC_1457,small,dog,6,0
4449,Grooming,"$38,000",132.74,VC_1014,large,cat,5,0
4612,Medicine,"$139,000",207.87,VC_1177,small,dog,10,0
4972,Snack,"$85,000",84.82,VC_1537,small,fish,6,0
4784,Toys,"$148,000",178.24,VC_1349,small,dog,7,1
4272,Supplements,"$191,000",163.07,VC_837,small,bird,5,0
4306,Grooming,"$224,000",140.57,VC_871,extra_large,rabbit,8,1
4193,Toys,"$51,000",244.39,VC_758,medium,fish,6,1
4893,Equipment,"$101,000",138.93,VC_1458,medium,cat,6,0
4658,Grooming,"$92,000",177.15,VC_1223,medium,dog,10,1
4251,Grooming,"$67,000",116.05,VC_816,extra_large,cat,5,0
4350,Grooming,"$60,000",108.84,VC_915,extra_small,dog,2,0
4462,Food,"$27,000",66.51,VC_1027,small,dog,3,1
4367,Bedding,"$62,000",20.27,VC_932,small,cat,7,0
4229,Grooming,"$76,000",140.72,VC_794,large,fish,10,0
4905,Equipment,"$177,000",187.46,VC_1470,medium,cat,6,0
4805,Toys,"$25,000",119.38,VC_1370,medium,cat,2,1
4686,Food,"$181,000",108.46,VC_1251,extra_large,dog,10,1
4497,Equipment,"$186,000",63.3,VC_1062,small,cat,7,0
4692,Food,"$119,000",187.97,VC_1257,small,dog,10,0
4635,Supplements,"$51,000",108.19,VC_1200,extra_small,cat,10,1
4308,Food,"$42,000",192.32,VC_873,medium,bird,10,0
4573,Snack,"$27,000",158.86,VC_1138,medium,cat,10,0
4336,Toys,"$6,000",72.55,VC_901,extra_large,dog,2,1
4843,Snack,"$130,000",113.44,VC_1408,medium,cat,1,1
4510,Bedding,"$211,000",173.95,VC_1075,extra_small,dog,9,1
4835,Toys,"$108,000",233.68,VC_1400,medium,cat,2,1
4459,Supplements,"$126,000",51.74,VC_1024,large,cat,6,1
4445,Housing,"$100,000",235.16,VC_1010,extra_small,cat,7,1
4689,Food,"$199,000",31.1,VC_1254,large,cat,10,1
4637,Accessory,"$217,000",172.51,VC_1202,small,cat,10,1
4299,Equipment,"$77,000",57.2,VC_864,large,cat,10,1
4376,Equipment,"$50,000",176.49,VC_941,extra_large,dog,8,0
4473,Food,"$110,000",45.94,VC_1038,medium,cat,5,0
4722,Food,"$21,000",133.43,VC_1287,small,dog,10,1
4718,Supplements,"$47,000",99.78,VC_1283,small,dog,10,0
4659,Accessory,"$208,000",179.87,VC_1224,large,cat,10,1
4943,Toys,"$124,000",72.85,VC_1508,medium,cat,6,0
4324,Housing,"$125,000",133.86,VC_889,large,dog,4,0
4340,Accessory,"$229,000",18.51,VC_905,extra_small,dog,6,0
4517,Food,"$124,000",133.35,VC_1082,small,cat,9,0
4598,Bedding,"$10,000",70.07,VC_1163,medium,dog,10,1
4207,Grooming,"$61,000",110.33,VC_772,small,hamster,5,1
4295,Grooming,"$138,000",64.71,VC_860,extra_small,fish,1,0
4458,Medicine,"$34,000",93.6,VC_1023,medium,dog,3,1
4322,Clothes,"$161,000",142.28,VC_887,small,dog,4,0
5019,Equipment,"$142,000",142.62,VC_1584,medium,bird,6,1
4499,Bedding,"$40,000",110.73,VC_1064,large,cat,4,0
4507,Snack,"$223,000",108.93,VC_1072,small,cat,2,0
4758,Food,"$76,000",229.02,VC_1323,small,dog,7,1
4393,Supplements,"$16,000",140.83,VC_958,medium,cat,5,0
4651,Equipment,"$156,000",159.35,VC_1216,extra_large,cat,10,1
5011,Snack,"$7,000",231.67,VC_1576,medium,bird,6,0
5006,Toys,"$9,000",177.79,VC_1571,small,fish,6,0
4657,Supplements,"$62,000",196.72,VC_1222,small,cat,10,0
4751,Supplements,"$68,000",11.97,VC_1316,medium,cat,7,1
4979,Toys,"$76,000",107.73,VC_1544,medium,bird,6,0
4669,Grooming,"$78,000",242.35,VC_1234,large,cat,10,1
4886,Toys,"$11,000",113.74,VC_1451,small,dog,6,0
4704,Food,"$5,000",247.25,VC_1269,large,dog,10,0
4773,Equipment,"$27,000",239.46,VC_1338,medium,cat,7,0
4815,Equipment,"$18,000",93.31,VC_1380,medium,cat,2,1
4802,Toys,"$66,000",103.82,VC_1367,small,dog,7,1
4644,Toys,"$217,000",66.3,VC_1209,large,dog,10,0
4257,Bedding,"$91,000",148.41,VC_822,small,cat,10,1
4471,Grooming,"$216,000",189.11,VC_1036,extra_large,cat,9,0
4896,Equipment,"$5,000",223.35,VC_1461,small,dog,6,0
4180,Bedding,"$195,000",207.05,VC_745,extra_small,rabbit,1,1
4172,Medicine,"$210,000",154.05,VC_737,small,dog,5,0
4249,Medicine,"$56,000",165.8,VC_814,large,hamster,9,1
4841,Toys,"$78,000",163.71,VC_1406,medium,cat,1,1
4226,Toys,"$11,000",166.24,VC_791,extra_large,dog,3,0
4548,Grooming,"$138,000",197.9,VC_1113,medium,dog,10,1
4472,Accessory,"$28,000",1.52,VC_1037,small,dog,4,0
4212,Clothes,"$196,000",240.34,VC_777,small,bird,6,1
4572,Food,"$49,000",119.17,VC_1137,small,dog,10,1
4422,Bedding,"$194,000",107.26,VC_987,small,dog,2,1
5002,Snack,"$43,000",59.41,VC_1567,small,fish,6,0
4479,Toys,"$194,000",207.91,VC_1044,large,cat,4,1
4209,Food,"$192,000",14.99,VC_774,large,cat,6,0
4785,Equipment,"$142,000",78.56,VC_1350,medium,cat,7,1
4969,Snack,"$66,000",147.81,VC_1534,medium,bird,6,0
4974,Equipment,"$125,000",4.59,VC_1539,small,fish,6,0
4578,Toys,"$208,000",165.62,VC_1143,medium,dog,10,1
4703,Supplements,"$87,000",44.37,VC_1268,medium,cat,10,1
4859,Toys,"$220,000",240.14,VC_1424,medium,cat,1,1
4903,Snack,"$63,000",157.04,VC_1468,medium,cat,6,0
4900,Snack,"$168,000",238.43,VC_1465,small,dog,6,0
4355,Clothes,"$221,000",154.05,VC_920,extra_small,cat,10,0
4633,Toys,"$5,000",228.6,VC_1198,medium,cat,10,1
4589,Toys,"$57,000",232.7,VC_1154,large,cat,10,1
5038,Snack,"$14,000",82.85,VC_1603,small,fish,7,1
5050,Snack,"$150,000",178.82,VC_1615,small,fish,7,1
5010,Equipment,"$224,000",31.47,VC_1575,small,fish,6,0
4390,Housing,"$120,000",4.41,VC_955,extra_small,dog,5,1
4247,Housing,"$160,000",116.6,VC_812,small,fish,6,1
4834,Snack,"$38,000",217.63,VC_1399,small,dog,2,1
4908,Equipment,"$46,000",243.63,VC_1473,small,dog,6,0
4417,Accessory,"$68,000",166.89,VC_982,small,cat,4,0
4252,Accessory,"$177,000",209.31,VC_817,small,rabbit,8,1
4608,Clothes,"$56,000",6.49,VC_1173,medium,dog,10,1
4488,Bedding,"$201,000",203.48,VC_1053,medium,dog,8,0
5009,Toys,"$174,000",12.05,VC_1574,medium,bird,6,0
4586,Clothes,"$208,000",158.0,VC_1151,extra_large,dog,10,0
5027,Toys,"$41,000",30.06,VC_1592,medium,bird,6,1
4833,Equipment,"$68,000",139.39,VC_1398,medium,cat,2,1
4277,Equipment,"$8,000",104.51,VC_842,small,fish,8,0
5026,Snack,"$77,000",46.32,VC_1591,small,fish,6,1
4675,Bedding,"$159,000",141.41,VC_1240,extra_small,cat,10,0
4347,Toys,"$13,000",235.0,VC_912,small,cat,10,1
4346,Housing,"$22,000",68.67,VC_911,extra_large,dog,8,0
4313,Housing,"$45,000",143.53,VC_878,medium,cat,8,0
4918,Snack,"$81,000",248.94,VC_1483,small,dog,6,0
4241,Accessory,"$81,000",197.73,VC_806,extra_large,fish,4,0
4529,Snack,"$58,000",30.17,VC_1094,large,cat,8,0
4928,Toys,"$200,000",220.43,VC_1493,small,dog,6,0
4470,Supplements,"$186,000",104.84,VC_1035,extra_small,dog,2,1
4523,Toys,"$64,000",215.46,VC_1088,medium,cat,8,0
4484,Food,"$95,000",7.58,VC_1049,large,dog,1,0
4415,Supplements,"$25,000",54.4,VC_980,extra_small,cat,9,1
4798,Snack,"$160,000",40.09,VC_1363,small,dog,7,0
4549,Accessory,"$184,000",165.35,VC_1114,large,cat,10,1
4423,Housing,"$179,000",219.87,VC_988,medium,cat,4,1
4418,Food,"$88,000",27.66,VC_983,medium,dog,10,1
4359,Medicine,"$85,000",178.79,VC_924,large,cat,3,1
4465,Clothes,"$40,000",9.2,VC_1030,extra_small,cat,5,1
4854,Equipment,"$54,000",131.34,VC_1419,small,dog,1,1
4993,Snack,"$29,000",100.87,VC_1558,medium,bird,6,0
4601,Medicine,"$172,000",206.52,VC_1166,extra_large,cat,10,0
4620,Bedding,"$199,000",13.51,VC_1185,extra_small,dog,10,1
4994,Toys,"$109,000",71.37,VC_1559,small,fish,6,0
5005,Snack,"$197,000",19.72,VC_1570,medium,bird,6,0
4330,Food,"$33,000",100.8,VC_895,extra_small,dog,4,0
4532,Bedding,"$67,000",204.96,VC_1097,small,dog,3,0
4366,Clothes,"$124,000",243.2,VC_931,extra_large,dog,7,1
4746,Food,"$42,000",143.58,VC_1311,small,dog,7,1
4907,Toys,"$97,000",29.7,VC_1472,medium,cat,6,0
4524,Medicine,"$154,000",95.29,VC_1089,large,dog,5,0
4992,Equipment,"$12,000",82.9,VC_1557,small,fish,6,0
4656,Medicine,"$115,000",183.81,VC_1221,extra_large,dog,10,1
4842,Equipment,"$199,000",14.55,VC_1407,small,dog,1,1
4460,Grooming,"$200,000",61.07,VC_1025,extra_small,dog,3,1
4968,Equipment,"$123,000",199.5,VC_1533,small,fish,6,0
4553,Clothes,"$110,000",47.52,VC_1118,medium,cat,10,1
4438,Grooming,"$76,000",34.37,VC_1003,medium,dog,7,0
4365,Equipment,"$179,000",207.27,VC_930,extra_small,cat,9,1
4274,Accessory,"$218,000",192.39,VC_839,large,dog,8,0
4715,Supplements,"$196,000",37.13,VC_1280,medium,cat,10,0
4559,Grooming,"$175,000",108.71,VC_1124,large,cat,10,0
4223,Clothes,"$193,000",165.78,VC_788,medium,fish,3,0
4202,Bedding,"$170,000",48.96,VC_767,small,dog,7,0
4210,Snack,"$148,000",206.76,VC_775,extra_small,rabbit,10,0
5037,Equipment,"$157,000",0.35,VC_1602,medium,bird,7,1
4889,Toys,"$127,000",184.29,VC_1454,medium,cat,6,0
4399,Clothes,"$219,000",61.8,VC_964,large,cat,10,0
4621,Housing,"$181,000",56.88,VC_1186,extra_large,cat,10,1
4395,Accessory,"$173,000",190.63,VC_960,extra_small,cat,3,0
4357,Housing,"$31,000",104.73,VC_922,small,cat,3,1
5016,Equipment,"$159,000",163.92,VC_1581,small,fish,6,1
4605,Food,"$76,000",231.82,VC_1170,extra_small,cat,10,0
4832,Toys,"$50,000",148.86,VC_1397,small,dog,2,1
4392,Medicine,"$149,000",94.22,VC_957,small,dog,4,1
4824,Equipment,"$135,000",31.72,VC_1389,small,dog,2,1
4672,Snack,"$29,000",155.51,VC_1237,small,dog,10,0
5046,Equipment,"$216,000",204.04,VC_1611,small,fish,7,1
4221,Snack,"$110,000",120.08,VC_786,extra_large,cat,1,0
4800,Equipment,"$112,000",56.71,VC_1365,small,dog,7,1
5034,Equipment,"$161,000",222.95,VC_1599,small,fish,7,1
4840,Snack,"$150,000",227.11,VC_1405,small,dog,1,1
4480,Medicine,"$48,000",169.39,VC_1045,extra_small,dog,5,1
4332,Equipment,"$203,000",52.03,VC_897,small,dog,9,1
4930,Snack,"$37,000",62.8,VC_1495,small,dog,6,0
4985,Toys,"$84,000",87.88,VC_1550,medium,bird,6,0
4804,Snack,"$203,000",193.74,VC_1369,small,dog,7,1
5022,Equipment,"$212,000",248.59,VC_1587,small,fish,6,1
4667,Medicine,"$172,000",216.7,VC_1232,small,cat,10,0
4436,Medicine,"$71,000",77.3,VC_1001,extra_large,dog,6,1
4982,Toys,"$207,000",120.35,VC_1547,small,fish,6,0
4560,Accessory,"$29,000",245.15,VC_1125,extra_small,dog,10,1
4262,Grooming,"$90,000",247.9,VC_827,small,dog,6,1
4383,Grooming,"$189,000",200.72,VC_948,medium,cat,1,0
4591,Supplements,"$167,000",53.57,VC_1156,extra_large,cat,10,1
4847,Toys,"$116,000",109.16,VC_1412,medium,cat,1,1
4690,Medicine,"$36,000",129.05,VC_1255,extra_small,dog,10,0
4320,Snack,"$5,000",94.51,VC_885,extra_small,dog,8,0
4781,Toys,"$172,000",108.77,VC_1346,medium,cat,7,0
4878,Equipment,"$9,000",40.21,VC_1443,small,dog,6,0
4304,Medicine,"$177,000",48.1,VC_869,large,dog,2,1
4706,Supplements,"$17,000",14.44,VC_1271,small,dog,10,0
4764,Food,"$135,000",157.65,VC_1329,small,dog,7,1
4862,Toys,"$134,000",249.7,VC_1427,small,dog,1,1
4378,Bedding,"$54,000",152.2,VC_943,medium,dog,10,1
4631,Bedding,"$54,000",192.93,VC_1196,extra_large,cat,10,1
5024,Toys,"$218,000",178.31,VC_1589,small,fish,6,1
4402,Toys,"$19,000",12.22,VC_967,small,dog,8,0
4263,Accessory,"$184,000",208.32,VC_828,medium,cat,4,1
4345,Bedding,"$93,000",41.18,VC_910,extra_small,cat,1,0
4867,Snack,"$215,000",217.74,VC_1432,medium,cat,6,0
4996,Snack,"$209,000",225.1,VC_1561,small,fish,6,0
4584,Snack,"$154,000",183.22,VC_1149,large,dog,10,1
4780,Snack,"$67,000",140.3,VC_1345,small,dog,7,1
4917,Equipment,"$74,000",56.81,VC_1482,medium,cat,6,0
4642,Bedding,"$36,000",138.11,VC_1207,small,dog,10,1
4424,Toys,"$87,000",208.06,VC_989,large,dog,7,0
4403,Medicine,"$207,000",220.95,VC_968,medium,cat,5,1
4196,Grooming,"$121,000",76.5,VC_761,extra_large,dog,1,1
4381,Medicine,"$26,000",98.75,VC_946,extra_large,cat,8,1
4734,Food,"$14,000",229.48,VC_1299,small,dog,7,1
4978,Snack,"$102,000",113.89,VC_1543,small,fish,6,0
4386,Snack,"$197,000",217.07,VC_951,extra_large,dog,9,0
4643,Housing,"$26,000",246.14,VC_1208,medium,cat,10,0
4344,Clothes,"$33,000",121.08,VC_909,large,dog,5,0
4505,Accessory,"$109,000",8.98,VC_1070,extra_small,cat,10,0
4956,Equipment,"$173,000",12.28,VC_1521,small,dog,6,0
4876,Snack,"$92,000",201.59,VC_1441,small,dog,6,0
4467,Housing,"$169,000",237.13,VC_1032,small,cat,2,0
5041,Snack,"$179,000",244.8,VC_1606,medium,bird,7,1
4816,Snack,"$189,000",70.9,VC_1381,small,dog,2,1
4736,Supplements,"$131,000",156.18,VC_1301,small,dog,7,1
4920,Equipment,"$89,000",12.56,VC_1485,small,dog,6,0
4666,Toys,"$41,000",58.51,VC_1231,extra_large,dog,10,0
4186,Accessory,"$144,000",89.14,VC_751,extra_large,rabbit,5,1
4352,Food,"$192,000",44.5,VC_917,small,dog,8,0
4973,Toys,"$196,000",120.26,VC_1538,medium,bird,6,0
4912,Snack,"$177,000",153.88,VC_1477,small,dog,6,0
4957,Snack,"$35,000",122.41,VC_1522,medium,cat,6,0
4925,Toys,"$189,000",30.26,VC_1490,medium,cat,6,0
4425,Medicine,"$105,000",139.75,VC_990,extra_small,cat,3,1
4440,Food,"$81,000",70.13,VC_1005,extra_small,dog,6,0
4948,Snack,"$221,000",94.25,VC_1513,small,dog,6,0
4739,Supplements,"$75,000",27.66,VC_1304,medium,cat,7,0
4297,Food,"$80,000",180.75,VC_862,small,hamster,5,0
4430,Snack,"$229,000",66.4,VC_995,extra_small,dog,6,1
4901,Toys,"$46,000",117.58,VC_1466,medium,cat,6,0
4701,Food,"$14,000",140.93,VC_1266,extra_large,cat,10,1
4250,Supplements,"$68,000",130.14,VC_815,extra_small,dog,2,1
4205,Medicine,"$156,000",12.05,VC_770,extra_small,fish,1,0
4747,Medicine,"$102,000",95.59,VC_1312,medium,cat,7,1
4487,Clothes,"$38,000",237.99,VC_1052,small,cat,4,0
4579,Medicine,"$205,000",190.33,VC_1144,large,cat,10,0
4397,Snack,"$201,000",156.14,VC_962,small,cat,9,0
5013,Equipment,"$223,000",191.52,VC_1578,medium,bird,6,0
4699,Medicine,"$173,000",102.06,VC_1264,large,cat,10,0
4695,Food,"$173,000",228.63,VC_1260,extra_small,cat,10,1
4569,Supplements,"$190,000",149.34,VC_1134,large,cat,10,0
4311,Clothes,"$180,000",140.66,VC_876,extra_large,cat,9,1
4536,Supplements,"$140,000",77.41,VC_1101,extra_large,dog,1,0
4388,Clothes,"$189,000",161.54,VC_953,medium,dog,2,0
4455,Bedding,"$198,000",238.81,VC_1020,extra_small,cat,9,0
4924,Snack,"$121,000",113.71,VC_1489,small,dog,6,0
4404,Supplements,"$57,000",82.69,VC_969,large,dog,6,1
4564,Clothes,"$195,000",67.52,VC_1129,large,dog,10,1
4552,Equipment,"$29,000",199.77,VC_1117,small,dog,10,1
4749,Food,"$229,000",192.15,VC_1314,medium,cat,7,1
4325,Toys,"$79,000",129.0,VC_890,extra_small,cat,3,0
4625,Grooming,"$185,000",150.23,VC_1190,extra_small,cat,10,1
4294,Supplements,"$43,000",14.6,VC_859,large,rabbit,3,0
4265,Snack,"$99,000",203.67,VC_830,extra_small,fish,10,0
4808,Toys,"$118,000",229.59,VC_1373,small,dog,2,1
4641,Clothes,"$47,000",100.1,VC_1206,extra_large,cat,10,0
4554,Bedding,"$107,000",104.75,VC_1119,large,dog,10,0
4776,Equipment,"$170,000",235.5,VC_1341,small,dog,7,1
4909,Snack,"$210,000",212.54,VC_1474,medium,cat,6,0
4267,Clothes,"$69,000",79.99,VC_832,small,hamster,9,0
4997,Toys,"$220,000",176.38,VC_1562,medium,bird,6,0
4853,Toys,"$136,000",170.26,VC_1418,medium,cat,1,1
4495,Food,"$159,000",36.02,VC_1060,extra_small,cat,4,0
4407,Food,"$177,000",133.57,VC_972,small,cat,3,1
4234,Clothes,"$19,000",30.25,VC_799,large,rabbit,7,1
4989,Equipment,"$126,000",234.17,VC_1554,medium,bird,6,0
4291,Housing,"$72,000",39.05,VC_856,extra_large,hamster,7,0
4733,Supplements,"$82,000",64.32,VC_1298,medium,cat,7,0
4927,Snack,"$114,000",61.09,VC_1492,medium,cat,6,0
4949,Toys,"$217,000",10.28,VC_1514,medium,cat,6,0
4343,Equipment,"$212,000",129.84,VC_908,medium,cat,10,1
4999,Snack,"$27,000",146.93,VC_1564,medium,bird,6,0
4243,Snack,"$76,000",174.07,VC_808,medium,hamster,8,0
4783,Snack,"$162,000",224.12,VC_1348,medium,cat,7,1
4664,Bedding,"$34,000",199.15,VC_1229,large,dog,10,1
4850,Toys,"$54,000",171.85,VC_1415,small,dog,1,1
